StreetID, SectionID, InspectionUnit., InspectionDate, InspectionArea, InspectionLength, DistressType           , Severity, DistressSize, NoDistresses, Special
BROAST  , 130      ,               1, 8/5/2025      ,       12528.00,          1044.00, Raveling               , M       ,          0.1, No          , No
FLORAV  , 150      ,               1, 8/5/2025      ,        6480.00,           540.00, Long. & Trans. Cracking, H       ,          0.1, No          , No
FOREAV  , 130      ,               1, 8/5/2025      ,       14976.00,          1248.00, Patch & Util. Cut Patch, L       ,          0.1, No          , No
MARIAV  , 100      ,               1, 8/5/2025      ,       24912.00,          2076.00, Raveling               , H       ,          0.1, No          , No
OROVAV  , 10       ,               1, 8/5/2025      ,        4752.00,           396.00, Raveling               , H       ,          0.1, No          , No
RILIAV  , 10       ,               1, 8/5/2025      ,       15840.00,          1320.00, Raveling               , H       ,          0.1, No          , No
W3RDST  , 100      ,               1, 8/5/2025      ,        8784.00,           732.00, Long. & Trans. Cracking, H       ,          0.1, No          , No
W6THST  , 120      ,               1, 8/5/2025      ,       16416.00,          1368.00, Raveling               , H       ,          0.1, No          , No
WALLST  , 60       ,               1, 8/5/2025      ,        8064.00,           672.00, Raveling               , H       ,          0.1, No          , No
BROAST  , 140      ,               1, 8/5/2025      ,       15264.00,          1272.00, Raveling               , M       ,          0.2, No          , No
E1STST  , 20       ,               1, 8/5/2025      ,        9648.00,           804.00, Raveling               , M       ,          0.2, No          , No
E3RDST  , 10       ,               1, 8/5/2025      ,       19728.00,          1644.00, Raveling               , H       ,          0.2, No          , No
E4THST  , 20       ,               1, 8/5/2025      ,        4320.00,           360.00, Raveling               , H       ,          0.2, No          , No
IDYLCR  , 110      ,               1, 8/5/2025      ,       26928.00,          2244.00, Raveling               , M       ,          0.2, No          , No
IDYLCR  , 130      ,               1, 8/5/2025      ,       22032.00,          1836.00, Alligator Cracking     , H       ,          0.2, No          , No
LAKEDR  , 130      ,               1, 8/5/2025      ,        4608.00,           384.00, Alligator Cracking     , L       ,          0.2, No          , No
NORTAV  , 130      ,               1, 8/5/2025      ,        4032.00,           336.00, Block Cracking         , L       ,          0.2, No          , No
PARKAV  , 20       ,               1, 8/5/2025      ,       32400.00,          2700.00, Raveling               , H       ,          0.2, No          , No
W4THST  , 100      ,               1, 8/5/2025      ,        4176.00,           348.00, Raveling               , H       ,          0.2, No          , No
W4THST  , 140      ,               1, 8/5/2025      ,        7920.00,           660.00, Raveling               , M       ,          0.2, No          , No
W6THST  , 150      ,               1, 8/5/2025      ,        6336.00,           528.00, Raveling               , H       ,          0.2, No          , No
E1STST  , 20       ,               1, 8/5/2025      ,        9648.00,           804.00, Alligator Cracking     , M       ,          0.3, No          , No
E4THST  , 10       ,               1, 8/5/2025      ,       11952.00,           996.00, Weathering             , H       ,          0.3, No          , No
ESPLAN  , 200      ,               1, 8/5/2025      ,       23904.00,          1992.00, Block Cracking         , L       ,          0.3, No          , No
FLORAV  , 150      ,               1, 8/5/2025      ,        6480.00,           540.00, Block Cracking         , L       ,          0.3, No          , No
HAZEST  , 110      ,               1, 8/5/2025      ,       22608.00,          1884.00, Raveling               , H       ,          0.3, No          , No
ORANST  , 10       ,               1, 8/5/2025      ,       23184.00,          1932.00, Raveling               , H       ,          0.3, No          , No
PARKAV  , 30       ,               1, 8/5/2025      ,       40320.00,          3360.00, Raveling               , H       ,          0.3, No          , No
RILIAV  , 20B      ,               1, 8/5/2025      ,       14400.00,          1200.00, Long. & Trans. Cracking, H       ,          0.3, No          , No
VALLAV  , 110      ,               1, 8/5/2025      ,       46944.00,          3912.00, Weathering             , H       ,          0.3, No          , No
W3RDST  , 130      ,               1, 8/5/2025      ,       17568.00,          1464.00, Raveling               , H       ,          0.3, No          , No
WEASAV  , 70       ,               1, 8/5/2025      ,        3312.00,           276.00, Raveling               , H       ,          0.3, No          , No
BAPADR  , 10       ,               1, 8/5/2025      ,       33264.00,          2772.00, Alligator Cracking     , H       ,          0.4, No          , No
ESPLAN  , 200      ,               1, 8/5/2025      ,       23904.00,          1992.00, Alligator Cracking     , H       ,          0.4, No          , No
IDYLCR  , 130      ,               1, 8/5/2025      ,       22032.00,          1836.00, Block Cracking         , H       ,          0.4, No          , No
NORMAV  , 50       ,               1, 8/5/2025      ,       23472.00,          1956.00, Block Cracking         , L       ,          0.4, No          , No
RILIAV  , 30       ,               1, 8/5/2025      ,       15696.00,          1308.00, Long. & Trans. Cracking, M       ,          0.4, No          , No
YOSEDR  , 120      ,               1, 8/5/2025      ,       23760.00,          1980.00, Raveling               , H       ,          0.4, No          , No
FOREAV  , 130      ,               1, 8/5/2025      ,       14976.00,          1248.00, Raveling               , H       ,          0.5, No          , No
LAKEDR  , 110      ,               1, 8/5/2025      ,       37584.00,          3132.00, Raveling               , M       ,          0.5, No          , No
LAKEDR  , 120B     ,               1, 8/5/2025      ,       24768.00,          2064.00, Block Cracking         , H       ,          0.5, No          , No
NORTAV  , 130      ,               1, 8/5/2025      ,        4032.00,           336.00, Raveling               , H       ,          0.5, No          , No
OROVAV  , 10       ,               1, 8/5/2025      ,        4752.00,           396.00, Raveling               , M       ,          0.5, No          , No
WALLST  , 50       ,               1, 8/5/2025      ,        7056.00,           588.00, Raveling               , H       ,          0.5, No          , No
EASTAV  , 180      ,               1, 8/5/2025      ,       26496.00,          2208.00, Weathering             , H       ,          0.6, No          , No
FOREAV  , 160      ,               1, 8/5/2025      ,       48240.00,          4020.00, Raveling               , H       ,          0.6, No          , No
IDYLCR  , 100      ,               1, 8/5/2025      ,       24768.00,          2064.00, Raveling               , M       ,          0.6, No          , No
PARKAV  , 20       ,               1, 8/5/2025      ,       32400.00,          2700.00, Raveling               , M       ,          0.6, No          , No
BAPADR  , 10       ,               1, 8/5/2025      ,       33264.00,          2772.00, Raveling               , M       ,          0.7, No          , No
W3RDST  , 100      ,               1, 8/5/2025      ,        8784.00,           732.00, Block Cracking         , H       ,          0.7, No          , No
FLORAV  , 170      ,               1, 8/5/2025      ,        8640.00,           720.00, Block Cracking         , L       ,          0.8, No          , No
IDYLCR  , 130      ,               1, 8/5/2025      ,       22032.00,          1836.00, Raveling               , M       ,          0.8, No          , No
PARKAV  , 50       ,               1, 8/5/2025      ,       34272.00,          2856.00, Patch & Util. Cut Patch, L       ,          0.8, No          , No
VALLAV  , 100      ,               1, 8/5/2025      ,       47088.00,          3924.00, Weathering             , H       ,          0.8, No          , No
VALLAV  , 150      ,               1, 8/5/2025      ,       26928.00,          2244.00, Block Cracking         , L       ,          0.8, No          , No
CEDAST  , 10       ,               1, 8/5/2025      ,       15552.00,          1296.00, Block Cracking         , H       ,          0.9, No          , No
E1STST  , 20       ,               1, 8/5/2025      ,        9648.00,           804.00, Block Cracking         , H       ,          0.9, No          , No
E4THST  , 10       ,               1, 8/5/2025      ,       11952.00,           996.00, Raveling               , H       ,          0.9, No          , No
IDYLCR  , 100      ,               1, 8/5/2025      ,       24768.00,          2064.00, Raveling               , H       ,          0.9, No          , No
W2NDST  , 120      ,               1, 8/5/2025      ,        2736.00,           228.00, Alligator Cracking     , H       ,          0.9, No          , No
COHARD  , 150      ,               1, 8/5/2025      ,       29664.00,          2472.00, Long. & Trans. Cracking, H       ,          1  , No          , No
IDYLCR  , 120      ,               1, 8/5/2025      ,       16128.00,          1344.00, Long. & Trans. Cracking, H       ,          1  , No          , No
NORTAV  , 120      ,               1, 8/5/2025      ,       11376.00,           948.00, Raveling               , M       ,          1  , No          , No
WALLST  , 50       ,               1, 8/5/2025      ,        7056.00,           588.00, Alligator Cracking     , L       ,          1  , No          , No
YOSEDR  , 130      ,               1, 8/5/2025      ,        7488.00,           624.00, Block Cracking         , H       ,          1  , No          , No
IVYST   , 110A     ,               1, 8/5/2025      ,       16560.00,          1380.00, Raveling               , H       ,          1.1, No          , No
NODABL  , 100      ,               1, 8/5/2025      ,       14976.00,          1248.00, Long. & Trans. Cracking, L       ,          1.1, No          , No
NODABL  , 110      ,               1, 8/5/2025      ,       24336.00,          2028.00, Long. & Trans. Cracking, L       ,          1.1, No          , No
W5THST  , 130      ,               1, 8/5/2025      ,        2016.00,           168.00, Raveling               , M       ,          1.1, No          , No
E2NDST  , 10       ,               1, 8/5/2025      ,        7776.00,           648.00, Patch & Util. Cut Patch, L       ,          1.2, No          , No
ESPLAN  , 190      ,               1, 8/5/2025      ,       16848.00,          1404.00, Raveling               , M       ,          1.2, No          , No
FLORAV  , 170      ,               1, 8/5/2025      ,        8640.00,           720.00, Alligator Cracking     , L       ,          1.2, No          , No
NODABL  , 100      ,               1, 8/5/2025      ,       14976.00,          1248.00, Alligator Cracking     , L       ,          1.2, No          , No
NODABL  , 120      ,               1, 8/5/2025      ,       14976.00,          1248.00, Raveling               , H       ,          1.2, No          , No
W4THST  , 140      ,               1, 8/5/2025      ,        7920.00,           660.00, Raveling               , H       ,          1.2, No          , No
W5THST  , 130      ,               1, 8/5/2025      ,        2016.00,           168.00, Block Cracking         , L       ,          1.2, No          , No
W6THST  , 120      ,               1, 8/5/2025      ,       16416.00,          1368.00, Alligator Cracking     , L       ,          1.2, No          , No
YOSEDR  , 120      ,               1, 8/5/2025      ,       23760.00,          1980.00, Patch & Util. Cut Patch, M       ,          1.2, No          , No
EASTAV  , 180      ,               1, 8/5/2025      ,       26496.00,          2208.00, Long. & Trans. Cracking, H       ,          1.3, No          , No
ESPLAN  , 210      ,               1, 8/5/2025      ,       17280.00,          1440.00, Raveling               , H       ,          1.3, No          , No
WALLST  , 60       ,               1, 8/5/2025      ,        8064.00,           672.00, Alligator Cracking     , L       ,          1.3, No          , No
RILIAV  , 10       ,               1, 8/5/2025      ,       15840.00,          1320.00, Block Cracking         , H       ,          1.4, No          , No
VALLAV  , 170      ,               1, 8/5/2025      ,       22032.00,          1836.00, Raveling               , H       ,          1.4, No          , No
W6THST  , 100      ,               1, 8/5/2025      ,       16128.00,          1344.00, Raveling               , H       ,          1.4, No          , No
E6THST  , 100      ,               1, 8/5/2025      ,       15840.00,          1320.00, Raveling               , H       ,          1.5, No          , No
NORTAV  , 120      ,               1, 8/5/2025      ,       11376.00,           948.00, Alligator Cracking     , L       ,          1.5, No          , No
PIHIDR  , 20       ,               1, 8/5/2025      ,       10800.00,           900.00, Block Cracking         , H       ,          1.5, No          , No
VALLAV  , 140      ,               1, 8/5/2025      ,       14256.00,          1188.00, Long. & Trans. Cracking, H       ,          1.5, No          , No
W3RDST  , 120      ,               1, 8/5/2025      ,       16560.00,          1380.00, Block Cracking         , L       ,          1.5, No          , No
YOSEDR  , 120      ,               1, 8/5/2025      ,       23760.00,          1980.00, Raveling               , M       ,          1.5, No          , No
W3RDST  , 130      ,               1, 8/5/2025      ,       17568.00,          1464.00, Long. & Trans. Cracking, H       ,          1.6, No          , No
E4THST  , 20       ,               1, 8/5/2025      ,        4320.00,           360.00, Block Cracking         , L       ,          1.7, No          , No
IDYLCR  , 130      ,               1, 8/5/2025      ,       22032.00,          1836.00, Block Cracking         , M       ,          1.8, No          , No
WALLST  , 50       ,               1, 8/5/2025      ,        7056.00,           588.00, Long. & Trans. Cracking, H       ,          1.8, No          , No
COHARD  , 160      ,               1, 8/5/2025      ,       23472.00,          1956.00, Raveling               , M       ,          1.9, No          , No
FOREAV  , 140      ,               1, 8/5/2025      ,       19584.00,          1632.00, Patch & Util. Cut Patch, L       ,          1.9, No          , No
IDYLCR  , 140      ,               1, 8/5/2025      ,       40896.00,          3408.00, Long. & Trans. Cracking, H       ,          1.9, No          , No
W5THST  , 110      ,               1, 8/5/2025      ,       33120.00,          2760.00, Raveling               , H       ,          1.9, No          , No
W7THST  , 140      ,               1, 8/5/2025      ,        1584.00,           132.00, Block Cracking         , H       ,          1.9, No          , No
NODABL  , 120      ,               1, 8/5/2025      ,       14976.00,          1248.00, Long. & Trans. Cracking, H       ,          2  , No          , No
E2NDST  , 10       ,               1, 8/5/2025      ,        7776.00,           648.00, Raveling               , H       ,          2.1, No          , No
ESPLAN  , 210      ,               1, 8/5/2025      ,       17280.00,          1440.00, Raveling               , M       ,          2.1, No          , No
FLORAV  , 160      ,               1, 8/5/2025      ,       11376.00,           948.00, Block Cracking         , L       ,          2.1, No          , No
FOREAV  , 160      ,               1, 8/5/2025      ,       48240.00,          4020.00, Weathering             , H       ,          2.1, No          , No
VALLAV  , 160      ,               1, 8/5/2025      ,        8928.00,           744.00, Long. & Trans. Cracking, H       ,          2.1, No          , No
W6THST  , 110      ,               1, 8/5/2025      ,       25632.00,          2136.00, Block Cracking         , H       ,          2.1, No          , No
ORANST  , 10       ,               1, 8/5/2025      ,       23184.00,          1932.00, Raveling               , M       ,          2.2, No          , No
ORANST  , 20       ,               1, 8/5/2025      ,       40896.00,          3408.00, Long. & Trans. Cracking, H       ,          2.2, No          , No
W3RDST  , 100      ,               1, 8/5/2025      ,        8784.00,           732.00, Raveling               , M       ,          2.2, No          , No
COHARD  , 160      ,               1, 8/5/2025      ,       23472.00,          1956.00, Weathering             , H       ,          2.3, No          , No
E2NDST  , 10       ,               1, 8/5/2025      ,        7776.00,           648.00, Weathering             , H       ,          2.3, No          , No
RILIAV  , 10       ,               1, 8/5/2025      ,       15840.00,          1320.00, Block Cracking         , L       ,          2.3, No          , No
W5THST  , 100      ,               1, 8/5/2025      ,       16560.00,          1380.00, Raveling               , H       ,          2.3, No          , No
BAPADR  , 10       ,               1, 8/5/2025      ,       33264.00,          2772.00, Raveling               , H       ,          2.4, No          , No
W3RDST  , 110      ,               1, 8/5/2025      ,       32256.00,          2688.00, Long. & Trans. Cracking, H       ,          2.4, No          , No
E3RDST  , 10       ,               1, 8/5/2025      ,       19728.00,          1644.00, Alligator Cracking     , H       ,          2.5, No          , No
PARKAV  , 30       ,               1, 8/5/2025      ,       40320.00,          3360.00, Weathering             , H       ,          2.5, No          , No
W2NDST  , 120      ,               1, 8/5/2025      ,        2736.00,           228.00, Raveling               , H       ,          2.5, No          , No
W4THST  , 100      ,               1, 8/5/2025      ,        4176.00,           348.00, Alligator Cracking     , L       ,          2.6, No          , No
BRUCRD  , 100      ,               1, 8/5/2025      ,       36864.00,          3072.00, Raveling               , H       ,          2.7, No          , No
E4THST  , 20       ,               1, 8/5/2025      ,        4320.00,           360.00, Raveling               , M       ,          2.7, No          , No
W7THST  , 100      ,               1, 8/5/2025      ,       15408.00,          1284.00, Raveling               , H       ,          2.7, No          , No
BAPADR  , 10       ,               1, 8/5/2025      ,       33264.00,          2772.00, Long. & Trans. Cracking, H       ,          2.8, No          , No
FOREAV  , 130      ,               1, 8/5/2025      ,       14976.00,          1248.00, Alligator Cracking     , L       ,          2.8, No          , No
PARKAV  , 20       ,               1, 8/5/2025      ,       32400.00,          2700.00, Alligator Cracking     , L       ,          2.8, No          , No
PARKAV  , 30       ,               1, 8/5/2025      ,       40320.00,          3360.00, Raveling               , M       ,          2.8, No          , No
E6THST  , 100      ,               1, 8/5/2025      ,       15840.00,          1320.00, Long. & Trans. Cracking, H       ,          2.9, No          , No
FOREAV  , 120      ,               1, 8/5/2025      ,        5328.00,           444.00, Alligator Cracking     , M       ,          2.9, No          , No
W1STST  , 10       ,               1, 8/5/2025      ,        9648.00,           804.00, Raveling               , H       ,          2.9, No          , No
W5THST  , 130      ,               1, 8/5/2025      ,        2016.00,           168.00, Patch & Util. Cut Patch, M       ,          2.9, No          , No
ESPLAN  , 180      ,               1, 8/5/2025      ,       11520.00,           960.00, Long. & Trans. Cracking, L       ,          3  , No          , No
SALEST  , 100      ,               1, 8/5/2025      ,       31392.00,          2616.00, Alligator Cracking     , H       ,          3  , No          , No
W2NDST  , 100      ,               1, 8/5/2025      ,        7200.00,           600.00, Block Cracking         , H       ,          3  , No          , No
W2NDST  , 110      ,               1, 8/5/2025      ,        1728.00,           144.00, Long. & Trans. Cracking, H       ,          3  , No          , No
W7THST  , 140      ,               1, 8/5/2025      ,        1584.00,           132.00, Weathering             , L       ,          3  , No          , No
COHARD  , 170      ,               1, 8/5/2025      ,        8064.00,           672.00, Raveling               , M       ,          3.1, No          , No
W2NDST  , 110      ,               1, 8/5/2025      ,        1728.00,           144.00, Raveling               , M       ,          3.1, No          , No
FOREAV  , 110      ,               1, 8/5/2025      ,       24624.00,          2052.00, Patch & Util. Cut Patch, M       ,          3.2, No          , No
W6THST  , 110      ,               1, 8/5/2025      ,       25632.00,          2136.00, Long. & Trans. Cracking, H       ,          3.2, No          , No
CEDAST  , 30       ,               1, 8/5/2025      ,       23472.00,          1956.00, Raveling               , H       ,          3.3, No          , No
MARIAV  , 100      ,               1, 8/5/2025      ,       24912.00,          2076.00, Block Cracking         , L       ,          3.3, No          , No
RILIAV  , 20A      ,               1, 8/5/2025      ,        6768.00,           564.00, Long. & Trans. Cracking, H       ,          3.3, No          , No
YOSEDR  , 120      ,               1, 8/5/2025      ,       23760.00,          1980.00, Block Cracking         , M       ,          3.3, No          , No
W6THST  , 100      ,               1, 8/5/2025      ,       16128.00,          1344.00, Raveling               , M       ,          3.4, No          , No
W8THST  , 10       ,               1, 8/5/2025      ,        2592.00,           216.00, Raveling               , M       ,          3.4, No          , No
IDYLCR  , 120      ,               1, 8/5/2025      ,       16128.00,          1344.00, Block Cracking         , M       ,          3.5, No          , No
E2NDST  , 10       ,               1, 8/5/2025      ,        7776.00,           648.00, Block Cracking         , M       ,          3.6, No          , No
E4THST  , 10       ,               1, 8/5/2025      ,       11952.00,           996.00, Block Cracking         , M       ,          3.6, No          , No
EASTAV  , 210      ,               1, 8/5/2025      ,       16128.00,          1344.00, Alligator Cracking     , M       ,          3.6, No          , No
IDYLCR  , 110      ,               1, 8/5/2025      ,       26928.00,          2244.00, Block Cracking         , M       ,          3.6, No          , No
OROVAV  , 10       ,               1, 8/5/2025      ,        4752.00,           396.00, Alligator Cracking     , L       ,          3.6, No          , No
CEDAST  , 20       ,               1, 8/5/2025      ,       15264.00,          1272.00, Long. & Trans. Cracking, H       ,          3.7, No          , No
HAZEST  , 110      ,               1, 8/5/2025      ,       22608.00,          1884.00, Long. & Trans. Cracking, H       ,          3.7, No          , No
FOREAV  , 100      ,               1, 8/5/2025      ,       23328.00,          1944.00, Raveling               , M       ,          3.8, No          , No
LAKEDR  , 120A     ,               1, 8/5/2025      ,       15984.00,          1332.00, Block Cracking         , H       ,          3.9, No          , No
NODABL  , 120      ,               1, 8/5/2025      ,       14976.00,          1248.00, Raveling               , M       ,          3.9, No          , No
PARKAV  , 20       ,               1, 8/5/2025      ,       32400.00,          2700.00, Patch & Util. Cut Patch, L       ,          3.9, No          , No
W6THST  , 110      ,               1, 8/5/2025      ,       25632.00,          2136.00, Raveling               , H       ,          3.9, No          , No
E4THST  , 10       ,               1, 8/5/2025      ,       11952.00,           996.00, Alligator Cracking     , H       ,          4  , No          , No
FLORAV  , 160      ,               1, 8/5/2025      ,       11376.00,           948.00, Block Cracking         , M       ,          4  , No          , No
RILIAV  , 30       ,               1, 8/5/2025      ,       15696.00,          1308.00, Long. & Trans. Cracking, L       ,          4  , No          , No
SALEST  , 110      ,               1, 8/5/2025      ,       32832.00,          2736.00, Block Cracking         , H       ,          4  , No          , No
W1STST  , 10       ,               1, 8/5/2025      ,        9648.00,           804.00, Alligator Cracking     , L       ,          4  , No          , No
COHARD  , 150      ,               1, 8/5/2025      ,       29664.00,          2472.00, Raveling               , M       ,          4.1, No          , No
SALEST  , 110      ,               1, 8/5/2025      ,       32832.00,          2736.00, Block Cracking         , L       ,          4.2, No          , No
VALLAV  , 150      ,               1, 8/5/2025      ,       26928.00,          2244.00, Block Cracking         , H       ,          4.2, No          , No
EASTAV  , 180      ,               1, 8/5/2025      ,       26496.00,          2208.00, Alligator Cracking     , L       ,          4.3, No          , No
ESPLAN  , 210      ,               1, 8/5/2025      ,       17280.00,          1440.00, Alligator Cracking     , M       ,          4.4, No          , No
IVYST   , 100      ,               1, 8/5/2025      ,       31968.00,          2664.00, Raveling               , H       ,          4.5, No          , No
FOREAV  , 120      ,               1, 8/5/2025      ,        5328.00,           444.00, Alligator Cracking     , L       ,          4.6, No          , No
FLORAV  , 150      ,               1, 8/5/2025      ,        6480.00,           540.00, Block Cracking         , M       ,          4.9, No          , No
PARKAV  , 50       ,               1, 8/5/2025      ,       34272.00,          2856.00, Alligator Cracking     , L       ,          4.9, No          , No
W2NDST  , 100      ,               1, 8/5/2025      ,        7200.00,           600.00, Patch & Util. Cut Patch, L       ,          4.9, No          , No
COHARD  , 170      ,               1, 8/5/2025      ,        8064.00,           672.00, Block Cracking         , H       ,          5.1, No          , No
VALLAV  , 150      ,               1, 8/5/2025      ,       26928.00,          2244.00, Raveling               , M       ,          5.1, No          , No
NODABL  , 120      ,               1, 8/5/2025      ,       14976.00,          1248.00, Patch & Util. Cut Patch, M       ,          5.2, No          , No
OROVAV  , 10       ,               1, 8/5/2025      ,        4752.00,           396.00, Block Cracking         , H       ,          5.2, No          , No
PARKAV  , 30       ,               1, 8/5/2025      ,       40320.00,          3360.00, Alligator Cracking     , L       ,          5.2, No          , No
RILIAV  , 20B      ,               1, 8/5/2025      ,       14400.00,          1200.00, Long. & Trans. Cracking, L       ,          5.2, No          , No
CHERST  , 120      ,               1, 8/5/2025      ,       29664.00,          2472.00, Raveling               , H       ,          5.3, No          , No
E5THST  , 10       ,               1, 8/5/2025      ,       28224.00,          2352.00, Alligator Cracking     , H       ,          5.3, No          , No
W4THST  , 140      ,               1, 8/5/2025      ,        7920.00,           660.00, Block Cracking         , H       ,          5.4, No          , No
EASTAV  , 210      ,               1, 8/5/2025      ,       16128.00,          1344.00, Raveling               , M       ,          5.5, No          , No
NORTAV  , 130      ,               1, 8/5/2025      ,        4032.00,           336.00, Long. & Trans. Cracking, L       ,          5.5, No          , No
W2NDST  , 110      ,               1, 8/5/2025      ,        1728.00,           144.00, Alligator Cracking     , L       ,          5.5, No          , No
EASTAV  , 200      ,               1, 8/5/2025      ,        2160.00,           180.00, Weathering             , L       ,          5.7, No          , No
NORTAV  , 120      ,               1, 8/5/2025      ,       11376.00,           948.00, Block Cracking         , M       ,          5.7, No          , No
FOREAV  , 130      ,               1, 8/5/2025      ,       14976.00,          1248.00, Long. & Trans. Cracking, H       ,          5.8, No          , No
HAZEST  , 110      ,               1, 8/5/2025      ,       22608.00,          1884.00, Alligator Cracking     , H       ,          5.8, No          , No
YOSEDR  , 130      ,               1, 8/5/2025      ,        7488.00,           624.00, Patch & Util. Cut Patch, M       ,          5.8, No          , No
CHERST  , 120      ,               1, 8/5/2025      ,       29664.00,          2472.00, Alligator Cracking     , L       ,          5.9, No          , No
RILIAV  , 30       ,               1, 8/5/2025      ,       15696.00,          1308.00, Raveling               , H       ,          5.9, No          , No
W4THST  , 130      ,               1, 8/5/2025      ,       16416.00,          1368.00, Alligator Cracking     , L       ,          5.9, No          , No
VALLAV  , 140      ,               1, 8/5/2025      ,       14256.00,          1188.00, Raveling               , H       ,          6  , No          , No
W1STST  , 10       ,               1, 8/5/2025      ,        9648.00,           804.00, Block Cracking         , H       ,          6  , No          , No
NORMAV  , 50       ,               1, 8/5/2025      ,       23472.00,          1956.00, Long. & Trans. Cracking, H       ,          6.2, No          , No
NORTAV  , 120      ,               1, 8/5/2025      ,       11376.00,           948.00, Block Cracking         , H       ,          6.2, No          , No
W4THST  , 100      ,               1, 8/5/2025      ,        4176.00,           348.00, Long. & Trans. Cracking, M       ,          6.2, No          , No
MARIAV  , 100      ,               1, 8/5/2025      ,       24912.00,          2076.00, Alligator Cracking     , L       ,          6.3, No          , No
W6THST  , 120      ,               1, 8/5/2025      ,       16416.00,          1368.00, Alligator Cracking     , H       ,          6.4, No          , No
FOREAV  , 100      ,               1, 8/5/2025      ,       23328.00,          1944.00, Long. & Trans. Cracking, H       ,          6.5, No          , No
W2NDST  , 120      ,               1, 8/5/2025      ,        2736.00,           228.00, Alligator Cracking     , L       ,          6.5, No          , No
W7THST  , 140      ,               1, 8/5/2025      ,        1584.00,           132.00, Alligator Cracking     , M       ,          6.5, No          , No
FOREAV  , 150      ,               1, 8/5/2025      ,       18144.00,          1512.00, Patch & Util. Cut Patch, M       ,          6.6, No          , No
W6THST  , 120      ,               1, 8/5/2025      ,       16416.00,          1368.00, Block Cracking         , L       ,          6.6, No          , No
W8THST  , 10       ,               1, 8/5/2025      ,        2592.00,           216.00, Block Cracking         , H       ,          6.6, No          , No
BRUCRD  , 100      ,               1, 8/5/2025      ,       36864.00,          3072.00, Block Cracking         , H       ,          6.7, No          , No
PIHIDR  , 10       ,               1, 8/5/2025      ,       28224.00,          2352.00, Patch & Util. Cut Patch, M       ,          6.7, No          , No
W2NDST  , 120      ,               1, 8/5/2025      ,        2736.00,           228.00, Block Cracking         , H       ,          6.7, No          , No
FOREAV  , 140      ,               1, 8/5/2025      ,       19584.00,          1632.00, Long. & Trans. Cracking, H       ,          6.9, No          , No
FOREAV  , 150      ,               1, 8/5/2025      ,       18144.00,          1512.00, Block Cracking         , L       ,          7  , No          , No
WALLST  , 60       ,               1, 8/5/2025      ,        8064.00,           672.00, Block Cracking         , L       ,          7.1, No          , No
LAKEDR  , 120A     ,               1, 8/5/2025      ,       15984.00,          1332.00, Block Cracking         , L       ,          7.2, No          , No
IDYLCR  , 140      ,               1, 8/5/2025      ,       40896.00,          3408.00, Block Cracking         , M       ,          7.3, No          , No
SALEST  , 100      ,               1, 8/5/2025      ,       31392.00,          2616.00, Long. & Trans. Cracking, H       ,          7.3, No          , No
WALLST  , 60       ,               1, 8/5/2025      ,        8064.00,           672.00, Alligator Cracking     , M       ,          7.3, No          , No
LAKEDR  , 120B     ,               1, 8/5/2025      ,       24768.00,          2064.00, Long. & Trans. Cracking, H       ,          7.4, No          , No
SALEST  , 110      ,               1, 8/5/2025      ,       32832.00,          2736.00, Long. & Trans. Cracking, H       ,          7.7, No          , No
W4THST  , 120      ,               1, 8/5/2025      ,       32832.00,          2736.00, Long. & Trans. Cracking, H       ,          7.7, No          , No
CHERST  , 110      ,               1, 8/5/2025      ,       28656.00,          2388.00, Block Cracking         , L       ,          7.8, No          , No
W3RDST  , 120      ,               1, 8/5/2025      ,       16560.00,          1380.00, Long. & Trans. Cracking, H       ,          7.8, No          , No
W8THST  , 10       ,               1, 8/5/2025      ,        2592.00,           216.00, Weathering             , L       ,          7.8, No          , No
W6THST  , 150      ,               1, 8/5/2025      ,        6336.00,           528.00, Block Cracking         , H       ,          8.1, No          , No
E4THST  , 10       ,               1, 8/5/2025      ,       11952.00,           996.00, Block Cracking         , H       ,          8.4, No          , No
RILIAV  , 20B      ,               1, 8/5/2025      ,       14400.00,          1200.00, Long. & Trans. Cracking, M       ,          8.5, No          , No
FLORAV  , 160      ,               1, 8/5/2025      ,       11376.00,           948.00, Alligator Cracking     , H       ,          8.7, No          , No
FOREAV  , 150      ,               1, 8/5/2025      ,       18144.00,          1512.00, Patch & Util. Cut Patch, L       ,          8.7, No          , No
IDYLCR  , 110      ,               1, 8/5/2025      ,       26928.00,          2244.00, Alligator Cracking     , L       ,          8.7, No          , No
MAINST  , 110      ,               1, 8/5/2025      ,       15840.00,          1320.00, Block Cracking         , L       ,          8.7, No          , No
PARKAV  , 40       ,               1, 8/5/2025      ,       35280.00,          2940.00, Alligator Cracking     , L       ,          8.7, No          , No
W2NDST  , 120      ,               1, 8/5/2025      ,        2736.00,           228.00, Raveling               , M       ,          8.8, No          , No
WALLST  , 70       ,               1, 8/5/2025      ,        4752.00,           396.00, Alligator Cracking     , L       ,          8.9, No          , No
IDYLCR  , 140      ,               1, 8/5/2025      ,       40896.00,          3408.00, Raveling               , H       ,          9  , No          , No
W5THST  , 110      ,               1, 8/5/2025      ,       33120.00,          2760.00, Block Cracking         , L       ,          9  , No          , No
YOSEDR  , 130      ,               1, 8/5/2025      ,        7488.00,           624.00, Long. & Trans. Cracking, M       ,          9  , No          , No
CHERST  , 110      ,               1, 8/5/2025      ,       28656.00,          2388.00, Raveling               , H       ,          9.1, No          , No
IVYST   , 110A     ,               1, 8/5/2025      ,       16560.00,          1380.00, Alligator Cracking     , H       ,          9.2, No          , No
VALLAV  , 110      ,               1, 8/5/2025      ,       46944.00,          3912.00, Patch & Util. Cut Patch, M       ,          9.3, No          , No
FOREAV  , 110      ,               1, 8/5/2025      ,       24624.00,          2052.00, Patch & Util. Cut Patch, L       ,          9.4, No          , No
FOREAV  , 120      ,               1, 8/5/2025      ,        5328.00,           444.00, Block Cracking         , H       ,          9.4, No          , No
MARIAV  , 100      ,               1, 8/5/2025      ,       24912.00,          2076.00, Patch & Util. Cut Patch, L       ,          9.4, No          , No
ORANST  , 10       ,               1, 8/5/2025      ,       23184.00,          1932.00, Alligator Cracking     , H       ,          9.4, No          , No
EASTAV  , 180      ,               1, 8/5/2025      ,       26496.00,          2208.00, Alligator Cracking     , M       ,          9.5, No          , No
NORTAV  , 130      ,               1, 8/5/2025      ,        4032.00,           336.00, Block Cracking         , H       ,          9.7, No          , No
NORTAV  , 130      ,               1, 8/5/2025      ,        4032.00,           336.00, Patch & Util. Cut Patch, M       ,          9.7, No          , No
WALLST  , 70       ,               1, 8/5/2025      ,        4752.00,           396.00, Weathering             , L       ,          9.7, No          , No
NORTAV  , 120      ,               1, 8/5/2025      ,       11376.00,           948.00, Patch & Util. Cut Patch, L       ,          9.8, No          , No
VALLAV  , 150      ,               1, 8/5/2025      ,       26928.00,          2244.00, Long. & Trans. Cracking, H       ,         10  , No          , No
YOSEDR  , 130      ,               1, 8/5/2025      ,        7488.00,           624.00, Patch & Util. Cut Patch, L       ,         10  , No          , No
CEDAST  , 20       ,               1, 8/5/2025      ,       15264.00,          1272.00, Block Cracking         , L       ,         10.3, No          , No
E7THST  , 100      ,               1, 8/5/2025      ,        3312.00,           276.00, Long. & Trans. Cracking, H       ,         10.4, No          , No
HAZEST  , 100      ,               1, 8/5/2025      ,       23040.00,          1920.00, Raveling               , H       ,         10.7, No          , No
YOSEDR  , 130      ,               1, 8/5/2025      ,        7488.00,           624.00, Alligator Cracking     , L       ,         10.9, No          , No
FLORAV  , 170      ,               1, 8/5/2025      ,        8640.00,           720.00, Alligator Cracking     , H       ,         11.2, No          , No
E4THST  , 20       ,               1, 8/5/2025      ,        4320.00,           360.00, Long. & Trans. Cracking, M       ,         11.3, No          , No
W5THST  , 120      ,               1, 8/5/2025      ,       33264.00,          2772.00, Raveling               , H       ,         11.3, No          , No
PARKAV  , 20       ,               1, 8/5/2025      ,       32400.00,          2700.00, Alligator Cracking     , M       ,         11.5, No          , No
W4THST  , 130      ,               1, 8/5/2025      ,       16416.00,          1368.00, Long. & Trans. Cracking, H       ,         11.6, No          , No
WALLST  , 40       ,               1, 8/5/2025      ,        7200.00,           600.00, Raveling               , H       ,         11.6, No          , No
WALLST  , 50       ,               1, 8/5/2025      ,        7056.00,           588.00, Patch & Util. Cut Patch, L       ,         11.6, No          , No
ESPLAN  , 190      ,               1, 8/5/2025      ,       16848.00,          1404.00, Long. & Trans. Cracking, L       ,         11.9, No          , No
CHERST  , 110      ,               1, 8/5/2025      ,       28656.00,          2388.00, Long. & Trans. Cracking, H       ,         12  , No          , No
IVYST   , 100      ,               1, 8/5/2025      ,       31968.00,          2664.00, Raveling               , M       ,         12  , No          , No
W6THST  , 120      ,               1, 8/5/2025      ,       16416.00,          1368.00, Long. & Trans. Cracking, H       ,         12  , No          , No
FLORAV  , 170      ,               1, 8/5/2025      ,        8640.00,           720.00, Block Cracking         , M       ,         12.1, No          , No
MAINST  , 120      ,               1, 8/5/2025      ,       15696.00,          1308.00, Raveling               , M       ,         12.1, No          , No
EASTAV  , 200      ,               1, 8/5/2025      ,        2160.00,           180.00, Long. & Trans. Cracking, H       ,         12.2, No          , No
FOREAV  , 120      ,               1, 8/5/2025      ,        5328.00,           444.00, Weathering             , L       ,         12.2, No          , No
FLORAV  , 160      ,               1, 8/5/2025      ,       11376.00,           948.00, Patch & Util. Cut Patch, L       ,         12.3, No          , No
FOREAV  , 150      ,               1, 8/5/2025      ,       18144.00,          1512.00, Raveling               , M       ,         12.4, No          , No
W6THST  , 150      ,               1, 8/5/2025      ,        6336.00,           528.00, Alligator Cracking     , L       ,         12.4, No          , No
NORMAV  , 50       ,               1, 8/5/2025      ,       23472.00,          1956.00, Raveling               , H       ,         12.7, No          , No
WEASAV  , 70       ,               1, 8/5/2025      ,        3312.00,           276.00, Patch & Util. Cut Patch, L       ,         12.7, No          , No
ESPLAN  , 200      ,               1, 8/5/2025      ,       23904.00,          1992.00, Block Cracking         , M       ,         12.8, No          , No
W4THST  , 140      ,               1, 8/5/2025      ,        7920.00,           660.00, Long. & Trans. Cracking, H       ,         12.8, No          , No
W5THST  , 130      ,               1, 8/5/2025      ,        2016.00,           168.00, Alligator Cracking     , L       ,         12.8, No          , No
FOREAV  , 140      ,               1, 8/5/2025      ,       19584.00,          1632.00, Block Cracking         , L       ,         13  , No          , No
PIHIDR  , 20       ,               1, 8/5/2025      ,       10800.00,           900.00, Patch & Util. Cut Patch, L       ,         13  , No          , No
FLORAV  , 170      ,               1, 8/5/2025      ,        8640.00,           720.00, Long. & Trans. Cracking, H       ,         13.1, No          , No
LAKEDR  , 120A     ,               1, 8/5/2025      ,       15984.00,          1332.00, Patch & Util. Cut Patch, L       ,         13.2, No          , No
COHARD  , 150      ,               1, 8/5/2025      ,       29664.00,          2472.00, Weathering             , H       ,         13.3, No          , No
W5THST  , 100      ,               1, 8/5/2025      ,       16560.00,          1380.00, Long. & Trans. Cracking, H       ,         13.3, No          , No
E7THST  , 100      ,               1, 8/5/2025      ,        3312.00,           276.00, Alligator Cracking     , L       ,         13.5, No          , No
MAINST  , 120      ,               1, 8/5/2025      ,       15696.00,          1308.00, Block Cracking         , L       ,         13.6, No          , No
VALLAV  , 160      ,               1, 8/5/2025      ,        8928.00,           744.00, Raveling               , H       ,         13.7, No          , No
E4THST  , 20       ,               1, 8/5/2025      ,        4320.00,           360.00, Patch & Util. Cut Patch, L       ,         14.1, No          , No
LAKEDR  , 130      ,               1, 8/5/2025      ,        4608.00,           384.00, Alligator Cracking     , M       ,         14.3, No          , No
SALEST  , 100      ,               1, 8/5/2025      ,       31392.00,          2616.00, Raveling               , M       ,         14.3, No          , No
W5THST  , 100      ,               1, 8/5/2025      ,       16560.00,          1380.00, Block Cracking         , H       ,         14.4, No          , No
E7THST  , 100      ,               1, 8/5/2025      ,        3312.00,           276.00, Block Cracking         , L       ,         14.5, No          , No
LAKEDR  , 130      ,               1, 8/5/2025      ,        4608.00,           384.00, Raveling               , M       ,         14.5, No          , No
W3RDST  , 110      ,               1, 8/5/2025      ,       32256.00,          2688.00, Block Cracking         , H       ,         14.6, No          , No
FLORAV  , 160      ,               1, 8/5/2025      ,       11376.00,           948.00, Alligator Cracking     , L       ,         14.8, No          , No
IDYLCR  , 110      ,               1, 8/5/2025      ,       26928.00,          2244.00, Long. & Trans. Cracking, M       ,         14.8, No          , No
BROAST  , 140      ,               1, 8/5/2025      ,       15264.00,          1272.00, Block Cracking         , M       ,         14.9, No          , No
WALLST  , 40       ,               1, 8/5/2025      ,        7200.00,           600.00, Alligator Cracking     , L       ,         14.9, No          , No
E2NDST  , 10       ,               1, 8/5/2025      ,        7776.00,           648.00, Block Cracking         , L       ,         15  , No          , No
E2NDST  , 10       ,               1, 8/5/2025      ,        7776.00,           648.00, Alligator Cracking     , L       ,         15.2, No          , No
PARKAV  , 20       ,               1, 8/5/2025      ,       32400.00,          2700.00, Alligator Cracking     , H       ,         15.2, No          , No
E3RDST  , 10       ,               1, 8/5/2025      ,       19728.00,          1644.00, Raveling               , M       ,         15.3, No          , No
W4THST  , 110      ,               1, 8/5/2025      ,        4176.00,           348.00, Weathering             , L       ,         15.3, No          , No
W7THST  , 100      ,               1, 8/5/2025      ,       15408.00,          1284.00, Long. & Trans. Cracking, H       ,         15.3, No          , No
VALLAV  , 100      ,               1, 8/5/2025      ,       47088.00,          3924.00, Block Cracking         , L       ,         15.4, No          , No
E2NDST  , 10       ,               1, 8/5/2025      ,        7776.00,           648.00, Block Cracking         , H       ,         15.7, No          , No
WALLST  , 70       ,               1, 8/5/2025      ,        4752.00,           396.00, Patch & Util. Cut Patch, M       ,         15.7, No          , No
FOREAV  , 150      ,               1, 8/5/2025      ,       18144.00,          1512.00, Long. & Trans. Cracking, H       ,         15.8, No          , No
VALLAV  , 170      ,               1, 8/5/2025      ,       22032.00,          1836.00, Raveling               , M       ,         15.8, No          , No
E4THST  , 20       ,               1, 8/5/2025      ,        4320.00,           360.00, Weathering             , L       ,         16  , No          , No
SALEST  , 100      ,               1, 8/5/2025      ,       31392.00,          2616.00, Block Cracking         , L       ,         16  , No          , No
CEDAST  , 20       ,               1, 8/5/2025      ,       15264.00,          1272.00, Alligator Cracking     , L       ,         16.1, No          , No
YOSEDR  , 120      ,               1, 8/5/2025      ,       23760.00,          1980.00, Alligator Cracking     , L       ,         16.1, No          , No
VALLAV  , 100      ,               1, 8/5/2025      ,       47088.00,          3924.00, Long. & Trans. Cracking, H       ,         16.2, No          , No
YOSEDR  , 130      ,               1, 8/5/2025      ,        7488.00,           624.00, Alligator Cracking     , H       ,         16.2, No          , No
W5THST  , 130      ,               1, 8/5/2025      ,        2016.00,           168.00, Weathering             , L       ,         16.4, No          , No
FOREAV  , 110      ,               1, 8/5/2025      ,       24624.00,          2052.00, Raveling               , M       ,         16.6, No          , No
PARKAV  , 40       ,               1, 8/5/2025      ,       35280.00,          2940.00, Long. & Trans. Cracking, M       ,         16.8, No          , No
W5THST  , 130      ,               1, 8/5/2025      ,        2016.00,           168.00, Long. & Trans. Cracking, H       ,         16.8, No          , No
PIHIDR  , 10       ,               1, 8/5/2025      ,       28224.00,          2352.00, Raveling               , M       ,         17.1, No          , No
BROAST  , 140      ,               1, 8/5/2025      ,       15264.00,          1272.00, Block Cracking         , H       ,         17.2, No          , No
NODABL  , 100      ,               1, 8/5/2025      ,       14976.00,          1248.00, Patch & Util. Cut Patch, M       ,         17.3, No          , No
VALLAV  , 100      ,               1, 8/5/2025      ,       47088.00,          3924.00, Raveling               , H       ,         17.5, No          , No
W6THST  , 110      ,               1, 8/5/2025      ,       25632.00,          2136.00, Alligator Cracking     , L       ,         17.5, No          , No
W4THST  , 140      ,               1, 8/5/2025      ,        7920.00,           660.00, Alligator Cracking     , L       ,         17.7, No          , No
BAPADR  , 10       ,               1, 8/5/2025      ,       33264.00,          2772.00, Alligator Cracking     , L       ,         18  , No          , No
OROVAV  , 10       ,               1, 8/5/2025      ,        4752.00,           396.00, Long. & Trans. Cracking, L       ,         18.3, No          , No
IVYST   , 110A     ,               1, 8/5/2025      ,       16560.00,          1380.00, Alligator Cracking     , L       ,         18.6, No          , No
WALLST  , 50       ,               1, 8/5/2025      ,        7056.00,           588.00, Block Cracking         , H       ,         18.6, No          , No
EASTAV  , 180      ,               1, 8/5/2025      ,       26496.00,          2208.00, Raveling               , M       ,         18.8, No          , No
W6THST  , 150      ,               1, 8/5/2025      ,        6336.00,           528.00, Raveling               , M       ,         18.8, No          , No
COHARD  , 170      ,               1, 8/5/2025      ,        8064.00,           672.00, Alligator Cracking     , L       ,         18.9, No          , No
HAZEST  , 110      ,               1, 8/5/2025      ,       22608.00,          1884.00, Alligator Cracking     , M       ,         18.9, No          , No
WALLST  , 50       ,               1, 8/5/2025      ,        7056.00,           588.00, Block Cracking         , M       ,         18.9, No          , No
FLORAV  , 150      ,               1, 8/5/2025      ,        6480.00,           540.00, Weathering             , H       ,         19  , No          , No
PARKAV  , 50       ,               1, 8/5/2025      ,       34272.00,          2856.00, Long. & Trans. Cracking, L       ,         19  , No          , No
W7THST  , 140      ,               1, 8/5/2025      ,        1584.00,           132.00, Long. & Trans. Cracking, H       ,         19.1, No          , No
NODABL  , 120      ,               1, 8/5/2025      ,       14976.00,          1248.00, Block Cracking         , H       ,         19.3, No          , No
FOREAV  , 140      ,               1, 8/5/2025      ,       19584.00,          1632.00, Patch & Util. Cut Patch, M       ,         19.4, No          , No
MARIAV  , 100      ,               1, 8/5/2025      ,       24912.00,          2076.00, Block Cracking         , M       ,         19.4, No          , No
LAKEDR  , 120B     ,               1, 8/5/2025      ,       24768.00,          2064.00, Patch & Util. Cut Patch, L       ,         19.6, No          , No
PARKAV  , 40       ,               1, 8/5/2025      ,       35280.00,          2940.00, Long. & Trans. Cracking, L       ,         19.7, No          , No
PARKAV  , 50       ,               1, 8/5/2025      ,       34272.00,          2856.00, Long. & Trans. Cracking, M       ,         19.8, No          , No
W2NDST  , 100      ,               1, 8/5/2025      ,        7200.00,           600.00, Alligator Cracking     , M       ,         19.9, No          , No
WALLST  , 40       ,               1, 8/5/2025      ,        7200.00,           600.00, Patch & Util. Cut Patch, M       ,         20.1, No          , No
W1STST  , 10       ,               1, 8/5/2025      ,        9648.00,           804.00, Block Cracking         , M       ,         20.5, No          , No
NODABL  , 100      ,               1, 8/5/2025      ,       14976.00,          1248.00, Weathering             , M       ,         20.7, No          , No
HAZEST  , 110      ,               1, 8/5/2025      ,       22608.00,          1884.00, Alligator Cracking     , L       ,         21  , No          , No
W4THST  , 130      ,               1, 8/5/2025      ,       16416.00,          1368.00, Block Cracking         , H       ,         21  , No          , No
W4THST  , 120      ,               1, 8/5/2025      ,       32832.00,          2736.00, Raveling               , H       ,         21.1, No          , No
PIHIDR  , 10       ,               1, 8/5/2025      ,       28224.00,          2352.00, Alligator Cracking     , L       ,         21.2, No          , No
BROAST  , 130      ,               1, 8/5/2025      ,       12528.00,          1044.00, Block Cracking         , H       ,         21.4, No          , No
BRUCRD  , 100      ,               1, 8/5/2025      ,       36864.00,          3072.00, Long. & Trans. Cracking, H       ,         21.5, No          , No
MARIAV  , 100      ,               1, 8/5/2025      ,       24912.00,          2076.00, Block Cracking         , H       ,         21.5, No          , No
IDYLCR  , 120      ,               1, 8/5/2025      ,       16128.00,          1344.00, Long. & Trans. Cracking, M       ,         21.6, No          , No
PARKAV  , 40       ,               1, 8/5/2025      ,       35280.00,          2940.00, Raveling               , H       ,         21.7, No          , No
W5THST  , 110      ,               1, 8/5/2025      ,       33120.00,          2760.00, Long. & Trans. Cracking, H       ,         21.7, No          , No
LAKEDR  , 130      ,               1, 8/5/2025      ,        4608.00,           384.00, Patch & Util. Cut Patch, L       ,         21.9, No          , No
E5THST  , 10       ,               1, 8/5/2025      ,       28224.00,          2352.00, Raveling               , M       ,         22.2, No          , No
BAPADR  , 10       ,               1, 8/5/2025      ,       33264.00,          2772.00, Block Cracking         , L       ,         22.3, No          , No
ESPLAN  , 180      ,               1, 8/5/2025      ,       11520.00,           960.00, Long. & Trans. Cracking, M       ,         22.4, No          , No
VALLAV  , 110      ,               1, 8/5/2025      ,       46944.00,          3912.00, Block Cracking         , L       ,         22.4, No          , No
W4THST  , 130      ,               1, 8/5/2025      ,       16416.00,          1368.00, Long. & Trans. Cracking, L       ,         22.7, No          , No
YOSEDR  , 120      ,               1, 8/5/2025      ,       23760.00,          1980.00, Patch & Util. Cut Patch, L       ,         22.8, No          , No
FLORAV  , 150      ,               1, 8/5/2025      ,        6480.00,           540.00, Patch & Util. Cut Patch, L       ,         22.9, No          , No
LAKEDR  , 130      ,               1, 8/5/2025      ,        4608.00,           384.00, Weathering             , L       ,         22.9, No          , No
IDYLCR  , 100      ,               1, 8/5/2025      ,       24768.00,          2064.00, Long. & Trans. Cracking, M       ,         23  , No          , No
FOREAV  , 120      ,               1, 8/5/2025      ,        5328.00,           444.00, Block Cracking         , M       ,         23.4, No          , No
E7THST  , 100      ,               1, 8/5/2025      ,        3312.00,           276.00, Raveling               , H       ,         23.6, No          , No
SALEST  , 100      ,               1, 8/5/2025      ,       31392.00,          2616.00, Block Cracking         , H       ,         23.7, No          , No
BROAST  , 130      ,               1, 8/5/2025      ,       12528.00,          1044.00, Weathering             , L       ,         23.8, No          , No
W4THST  , 110      ,               1, 8/5/2025      ,        4176.00,           348.00, Alligator Cracking     , L       ,         24  , No          , No
YOSEDR  , 130      ,               1, 8/5/2025      ,        7488.00,           624.00, Weathering             , L       ,         24  , No          , No
E5THST  , 10       ,               1, 8/5/2025      ,       28224.00,          2352.00, Long. & Trans. Cracking, H       ,         24.1, No          , No
YOSEDR  , 120      ,               1, 8/5/2025      ,       23760.00,          1980.00, Long. & Trans. Cracking, M       ,         24.2, No          , No
YOSEDR  , 130      ,               1, 8/5/2025      ,        7488.00,           624.00, Block Cracking         , L       ,         24.2, No          , No
FOREAV  , 120      ,               1, 8/5/2025      ,        5328.00,           444.00, Patch & Util. Cut Patch, L       ,         24.8, No          , No
FOREAV  , 170      ,               1, 8/5/2025      ,       21456.00,          1788.00, Alligator Cracking     , L       ,         24.8, No          , No
NORMAV  , 60       ,               1, 8/5/2025      ,       30816.00,          2568.00, Long. & Trans. Cracking, H       ,         24.8, No          , No
ORANST  , 20       ,               1, 8/5/2025      ,       40896.00,          3408.00, Block Cracking         , H       ,         24.8, No          , No
CEDAST  , 10       ,               1, 8/5/2025      ,       15552.00,          1296.00, Raveling               , H       ,         24.9, No          , No
CEDAST  , 20       ,               1, 8/5/2025      ,       15264.00,          1272.00, Block Cracking         , H       ,         24.9, No          , No
ESPLAN  , 180      ,               1, 8/5/2025      ,       11520.00,           960.00, Weathering             , L       ,         25.2, No          , No
W3RDST  , 120      ,               1, 8/5/2025      ,       16560.00,          1380.00, Block Cracking         , H       ,         25.4, No          , No
BROAST  , 130      ,               1, 8/5/2025      ,       12528.00,          1044.00, Block Cracking         , M       ,         26  , No          , No
W3RDST  , 110      ,               1, 8/5/2025      ,       32256.00,          2688.00, Alligator Cracking     , L       ,         26  , No          , No
VALLAV  , 110      ,               1, 8/5/2025      ,       46944.00,          3912.00, Raveling               , H       ,         26.1, No          , No
E3RDST  , 10       ,               1, 8/5/2025      ,       19728.00,          1644.00, Alligator Cracking     , L       ,         26.3, No          , No
CHERST  , 120      ,               1, 8/5/2025      ,       29664.00,          2472.00, Block Cracking         , H       ,         26.5, No          , No
IDYLCR  , 130      ,               1, 8/5/2025      ,       22032.00,          1836.00, Alligator Cracking     , L       ,         26.5, No          , No
MAINST  , 110      ,               1, 8/5/2025      ,       15840.00,          1320.00, Alligator Cracking     , L       ,         26.7, No          , No
W3RDST  , 120      ,               1, 8/5/2025      ,       16560.00,          1380.00, Long. & Trans. Cracking, L       ,         26.9, No          , No
VALLAV  , 140      ,               1, 8/5/2025      ,       14256.00,          1188.00, Alligator Cracking     , L       ,         27.4, No          , No
NORMAV  , 60       ,               1, 8/5/2025      ,       30816.00,          2568.00, Block Cracking         , L       ,         27.7, No          , No
IVYST   , 110A     ,               1, 8/5/2025      ,       16560.00,          1380.00, Patch & Util. Cut Patch, M       ,         27.8, No          , No
E5THST  , 10       ,               1, 8/5/2025      ,       28224.00,          2352.00, Block Cracking         , M       ,         27.9, No          , No
CEDAST  , 10       ,               1, 8/5/2025      ,       15552.00,          1296.00, Alligator Cracking     , L       ,         28.1, No          , No
FOREAV  , 170      ,               1, 8/5/2025      ,       21456.00,          1788.00, Long. & Trans. Cracking, H       ,         28.1, No          , No
W4THST  , 100      ,               1, 8/5/2025      ,        4176.00,           348.00, Patch & Util. Cut Patch, L       ,         28.5, No          , No
EASTAV  , 180      ,               1, 8/5/2025      ,       26496.00,          2208.00, Patch & Util. Cut Patch, L       ,         28.6, No          , No
E1STST  , 20       ,               1, 8/5/2025      ,        9648.00,           804.00, Long. & Trans. Cracking, M       ,         28.8, No          , No
LAKEDR  , 130      ,               1, 8/5/2025      ,        4608.00,           384.00, Long. & Trans. Cracking, L       ,         29.2, No          , No
SALEST  , 100      ,               1, 8/5/2025      ,       31392.00,          2616.00, Block Cracking         , M       ,         29.7, No          , No
E4THST  , 10       ,               1, 8/5/2025      ,       11952.00,           996.00, Block Cracking         , L       ,         29.8, No          , No
IDYLCR  , 120      ,               1, 8/5/2025      ,       16128.00,          1344.00, Alligator Cracking     , L       ,         29.8, No          , No
W5THST  , 120      ,               1, 8/5/2025      ,       33264.00,          2772.00, Block Cracking         , H       ,         30.1, No          , No
W7THST  , 100      ,               1, 8/5/2025      ,       15408.00,          1284.00, Alligator Cracking     , H       ,         30.1, No          , No
YOSEDR  , 120      ,               1, 8/5/2025      ,       23760.00,          1980.00, Block Cracking         , L       ,         30.1, No          , No
W3RDST  , 130      ,               1, 8/5/2025      ,       17568.00,          1464.00, Block Cracking         , H       ,         30.6, No          , No
FOREAV  , 150      ,               1, 8/5/2025      ,       18144.00,          1512.00, Block Cracking         , H       ,         30.8, No          , No
NORTAV  , 110      ,               1, 8/5/2025      ,        6624.00,           552.00, Long. & Trans. Cracking, M       ,         30.9, No          , No
VALLAV  , 160      ,               1, 8/5/2025      ,        8928.00,           744.00, Alligator Cracking     , H       ,         30.9, No          , No
FLORAV  , 160      ,               1, 8/5/2025      ,       11376.00,           948.00, Long. & Trans. Cracking, H       ,         31.5, No          , No
WALLST  , 60       ,               1, 8/5/2025      ,        8064.00,           672.00, Block Cracking         , H       ,         31.5, No          , No
NODABL  , 120      ,               1, 8/5/2025      ,       14976.00,          1248.00, Long. & Trans. Cracking, L       ,         31.6, No          , No
PARKAV  , 20       ,               1, 8/5/2025      ,       32400.00,          2700.00, Long. & Trans. Cracking, M       ,         31.6, No          , No
E7THST  , 100      ,               1, 8/5/2025      ,        3312.00,           276.00, Block Cracking         , H       ,         31.7, No          , No
CEDAST  , 30       ,               1, 8/5/2025      ,       23472.00,          1956.00, Alligator Cracking     , L       ,         32  , No          , No
NORTAV  , 110      ,               1, 8/5/2025      ,        6624.00,           552.00, Long. & Trans. Cracking, L       ,         32  , No          , No
W2NDST  , 120      ,               1, 8/5/2025      ,        2736.00,           228.00, Alligator Cracking     , M       ,         32.2, No          , No
MAINST  , 120      ,               1, 8/5/2025      ,       15696.00,          1308.00, Alligator Cracking     , L       ,         32.3, No          , No
W7THST  , 100      ,               1, 8/5/2025      ,       15408.00,          1284.00, Block Cracking         , H       ,         32.3, No          , No
ESPLAN  , 200      ,               1, 8/5/2025      ,       23904.00,          1992.00, Alligator Cracking     , M       ,         32.4, No          , No
W6THST  , 150      ,               1, 8/5/2025      ,        6336.00,           528.00, Alligator Cracking     , H       ,         32.4, No          , No
WALLST  , 60       ,               1, 8/5/2025      ,        8064.00,           672.00, Raveling               , M       ,         33.1, No          , No
BAPADR  , 10       ,               1, 8/5/2025      ,       33264.00,          2772.00, Patch & Util. Cut Patch, L       ,         33.2, No          , No
NODABL  , 110      ,               1, 8/5/2025      ,       24336.00,          2028.00, Weathering             , M       ,         33.4, No          , No
RILIAV  , 20A      ,               1, 8/5/2025      ,        6768.00,           564.00, Block Cracking         , H       ,         33.9, No          , No
NORMAV  , 50       ,               1, 8/5/2025      ,       23472.00,          1956.00, Block Cracking         , H       ,         35.1, No          , No
EASTAV  , 200      ,               1, 8/5/2025      ,        2160.00,           180.00, Long. & Trans. Cracking, M       ,         35.2, No          , No
E4THST  , 10       ,               1, 8/5/2025      ,       11952.00,           996.00, Raveling               , M       ,         35.3, No          , No
WEASAV  , 70       ,               1, 8/5/2025      ,        3312.00,           276.00, Long. & Trans. Cracking, L       ,         35.4, No          , No
E7THST  , 100      ,               1, 8/5/2025      ,        3312.00,           276.00, Patch & Util. Cut Patch, M       ,         35.6, No          , No
COHARD  , 160      ,               1, 8/5/2025      ,       23472.00,          1956.00, Patch & Util. Cut Patch, L       ,         35.8, No          , No
IDYLCR  , 140      ,               1, 8/5/2025      ,       40896.00,          3408.00, Long. & Trans. Cracking, M       ,         35.9, No          , No
W5THST  , 130      ,               1, 8/5/2025      ,        2016.00,           168.00, Alligator Cracking     , M       ,         36.2, No          , No
IDYLCR  , 100      ,               1, 8/5/2025      ,       24768.00,          2064.00, Block Cracking         , M       ,         36.3, No          , No
IDYLCR  , 100      ,               1, 8/5/2025      ,       24768.00,          2064.00, Patch & Util. Cut Patch, M       ,         36.3, No          , No
ORANST  , 20       ,               1, 8/5/2025      ,       40896.00,          3408.00, Raveling               , H       ,         36.6, No          , No
PARKAV  , 40       ,               1, 8/5/2025      ,       35280.00,          2940.00, Patch & Util. Cut Patch, L       ,         36.6, No          , No
FOREAV  , 170      ,               1, 8/5/2025      ,       21456.00,          1788.00, Raveling               , M       ,         36.7, No          , No
MAINST  , 120      ,               1, 8/5/2025      ,       15696.00,          1308.00, Raveling               , H       ,         36.9, No          , No
NORMAV  , 60       ,               1, 8/5/2025      ,       30816.00,          2568.00, Alligator Cracking     , L       ,         36.9, No          , No
W6THST  , 120      ,               1, 8/5/2025      ,       16416.00,          1368.00, Patch & Util. Cut Patch, M       ,         37.2, No          , No
VALLAV  , 170      ,               1, 8/5/2025      ,       22032.00,          1836.00, Patch & Util. Cut Patch, M       ,         37.4, No          , No
IDYLCR  , 130      ,               1, 8/5/2025      ,       22032.00,          1836.00, Long. & Trans. Cracking, M       ,         37.5, No          , No
FOREAV  , 160      ,               1, 8/5/2025      ,       48240.00,          4020.00, Raveling               , M       ,         37.6, No          , No
ORANST  , 10       ,               1, 8/5/2025      ,       23184.00,          1932.00, Alligator Cracking     , L       ,         37.7, No          , No
W2NDST  , 110      ,               1, 8/5/2025      ,        1728.00,           144.00, Alligator Cracking     , M       ,         37.8, No          , No
OROVAV  , 10       ,               1, 8/5/2025      ,        4752.00,           396.00, Weathering             , L       ,         37.9, No          , No
HAZEST  , 100      ,               1, 8/5/2025      ,       23040.00,          1920.00, Long. & Trans. Cracking, H       ,         38  , No          , No
FOREAV  , 160      ,               1, 8/5/2025      ,       48240.00,          4020.00, Alligator Cracking     , H       ,         38.1, No          , No
IDYLCR  , 120      ,               1, 8/5/2025      ,       16128.00,          1344.00, Block Cracking         , L       ,         38.5, No          , No
LAKEDR  , 120B     ,               1, 8/5/2025      ,       24768.00,          2064.00, Alligator Cracking     , L       ,         38.7, No          , No
FLORAV  , 160      ,               1, 8/5/2025      ,       11376.00,           948.00, Block Cracking         , H       ,         39.1, No          , No
ORANST  , 10       ,               1, 8/5/2025      ,       23184.00,          1932.00, Block Cracking         , H       ,         39.3, No          , No
ESPLAN  , 190      ,               1, 8/5/2025      ,       16848.00,          1404.00, Patch & Util. Cut Patch, L       ,         39.4, No          , No
RILIAV  , 10       ,               1, 8/5/2025      ,       15840.00,          1320.00, Block Cracking         , M       ,         39.4, No          , No
EASTAV  , 180      ,               1, 8/5/2025      ,       26496.00,          2208.00, Long. & Trans. Cracking, M       ,         39.6, No          , No
IVYST   , 100      ,               1, 8/5/2025      ,       31968.00,          2664.00, Block Cracking         , L       ,         39.6, No          , No
W8THST  , 10       ,               1, 8/5/2025      ,        2592.00,           216.00, Block Cracking         , L       ,         39.9, No          , No
W5THST  , 110      ,               1, 8/5/2025      ,       33120.00,          2760.00, Alligator Cracking     , H       ,         40.1, No          , No
ESPLAN  , 210      ,               1, 8/5/2025      ,       17280.00,          1440.00, Weathering             , L       ,         40.2, No          , No
W2NDST  , 110      ,               1, 8/5/2025      ,        1728.00,           144.00, Weathering             , H       ,         40.8, No          , No
VALLAV  , 140      ,               1, 8/5/2025      ,       14256.00,          1188.00, Alligator Cracking     , H       ,         41.2, No          , No
W4THST  , 140      ,               1, 8/5/2025      ,        7920.00,           660.00, Patch & Util. Cut Patch, L       ,         41.8, No          , No
W7THST  , 100      ,               1, 8/5/2025      ,       15408.00,          1284.00, Alligator Cracking     , L       ,         41.8, No          , No
W8THST  , 10       ,               1, 8/5/2025      ,        2592.00,           216.00, Long. & Trans. Cracking, H       ,         41.8, No          , No
E2NDST  , 10       ,               1, 8/5/2025      ,        7776.00,           648.00, Raveling               , M       ,         42.2, No          , No
IDYLCR  , 120      ,               1, 8/5/2025      ,       16128.00,          1344.00, Patch & Util. Cut Patch, L       ,         42.3, No          , No
ORANST  , 20       ,               1, 8/5/2025      ,       40896.00,          3408.00, Alligator Cracking     , L       ,         42.3, No          , No
W2NDST  , 100      ,               1, 8/5/2025      ,        7200.00,           600.00, Raveling               , M       ,         42.4, No          , No
MAINST  , 120      ,               1, 8/5/2025      ,       15696.00,          1308.00, Long. & Trans. Cracking, M       ,         42.6, No          , No
SALEST  , 100      ,               1, 8/5/2025      ,       31392.00,          2616.00, Alligator Cracking     , L       ,         42.8, No          , No
SALEST  , 110      ,               1, 8/5/2025      ,       32832.00,          2736.00, Raveling               , H       ,         42.9, No          , No
NORMAV  , 60       ,               1, 8/5/2025      ,       30816.00,          2568.00, Block Cracking         , H       ,         43.4, No          , No
W3RDST  , 120      ,               1, 8/5/2025      ,       16560.00,          1380.00, Raveling               , H       ,         43.6, No          , No
E3RDST  , 10       ,               1, 8/5/2025      ,       19728.00,          1644.00, Patch & Util. Cut Patch, L       ,         43.8, No          , No
FLORAV  , 170      ,               1, 8/5/2025      ,        8640.00,           720.00, Block Cracking         , H       ,         43.9, No          , No
FLORAV  , 170      ,               1, 8/5/2025      ,        8640.00,           720.00, Patch & Util. Cut Patch, L       ,         44  , No          , No
PIHIDR  , 20       ,               1, 8/5/2025      ,       10800.00,           900.00, Weathering             , L       ,         44.2, No          , No
W4THST  , 140      ,               1, 8/5/2025      ,        7920.00,           660.00, Weathering             , L       ,         44.3, No          , No
W4THST  , 120      ,               1, 8/5/2025      ,       32832.00,          2736.00, Block Cracking         , H       ,         44.5, No          , No
COHARD  , 160      ,               1, 8/5/2025      ,       23472.00,          1956.00, Alligator Cracking     , L       ,         44.7, No          , No
RILIAV  , 10       ,               1, 8/5/2025      ,       15840.00,          1320.00, Alligator Cracking     , L       ,         45  , No          , No
E6THST  , 100      ,               1, 8/5/2025      ,       15840.00,          1320.00, Patch & Util. Cut Patch, M       ,         45.1, No          , No
ORANST  , 10       ,               1, 8/5/2025      ,       23184.00,          1932.00, Block Cracking         , L       ,         45.1, No          , No
W4THST  , 110      ,               1, 8/5/2025      ,        4176.00,           348.00, Patch & Util. Cut Patch, L       ,         45.1, No          , No
EASTAV  , 210      ,               1, 8/5/2025      ,       16128.00,          1344.00, Long. & Trans. Cracking, L       ,         45.2, No          , No
FLORAV  , 160      ,               1, 8/5/2025      ,       11376.00,           948.00, Weathering             , H       ,         45.2, No          , No
FOREAV  , 140      ,               1, 8/5/2025      ,       19584.00,          1632.00, Block Cracking         , H       ,         45.8, No          , No
OROVAV  , 10       ,               1, 8/5/2025      ,        4752.00,           396.00, Alligator Cracking     , H       ,         45.8, No          , No
RILIAV  , 20B      ,               1, 8/5/2025      ,       14400.00,          1200.00, Raveling               , H       ,         46.1, No          , No
W4THST  , 110      ,               1, 8/5/2025      ,        4176.00,           348.00, Long. & Trans. Cracking, M       ,         46.5, No          , No
BRUCRD  , 110      ,               1, 8/5/2025      ,       46512.00,          3876.00, Block Cracking         , L       ,         46.8, No          , No
E6THST  , 100      ,               1, 8/5/2025      ,       15840.00,          1320.00, Block Cracking         , H       ,         46.9, No          , No
PARKAV  , 50       ,               1, 8/5/2025      ,       34272.00,          2856.00, Alligator Cracking     , M       ,         47.1, No          , No
BRUCRD  , 110      ,               1, 8/5/2025      ,       46512.00,          3876.00, Long. & Trans. Cracking, H       ,         47.5, No          , No
VALLAV  , 150      ,               1, 8/5/2025      ,       26928.00,          2244.00, Alligator Cracking     , L       ,         47.8, No          , No
NODABL  , 120      ,               1, 8/5/2025      ,       14976.00,          1248.00, Weathering             , L       ,         48.1, No          , No
VALLAV  , 160      ,               1, 8/5/2025      ,        8928.00,           744.00, Block Cracking         , H       ,         48.2, No          , No
EASTAV  , 210      ,               1, 8/5/2025      ,       16128.00,          1344.00, Long. & Trans. Cracking, M       ,         48.5, No          , No
W3RDST  , 120      ,               1, 8/5/2025      ,       16560.00,          1380.00, Alligator Cracking     , L       ,         48.9, No          , No
RILIAV  , 30       ,               1, 8/5/2025      ,       15696.00,          1308.00, Block Cracking         , L       ,         49.7, No          , No
VALLAV  , 110      ,               1, 8/5/2025      ,       46944.00,          3912.00, Patch & Util. Cut Patch, L       ,         49.7, No          , No
W4THST  , 130      ,               1, 8/5/2025      ,       16416.00,          1368.00, Raveling               , H       ,         50.4, No          , No
FLORAV  , 150      ,               1, 8/5/2025      ,        6480.00,           540.00, Long. & Trans. Cracking, L       ,         50.5, No          , No
WEASAV  , 70       ,               1, 8/5/2025      ,        3312.00,           276.00, Raveling               , M       ,         50.7, No          , No
FOREAV  , 140      ,               1, 8/5/2025      ,       19584.00,          1632.00, Alligator Cracking     , L       ,         51.1, No          , No
E5THST  , 10       ,               1, 8/5/2025      ,       28224.00,          2352.00, Block Cracking         , H       ,         51.5, No          , No
E6THST  , 100      ,               1, 8/5/2025      ,       15840.00,          1320.00, Alligator Cracking     , L       ,         52.1, No          , No
WALLST  , 50       ,               1, 8/5/2025      ,        7056.00,           588.00, Weathering             , H       ,         52.3, No          , No
EASTAV  , 210      ,               1, 8/5/2025      ,       16128.00,          1344.00, Weathering             , L       ,         52.4, No          , No
IDYLCR  , 140      ,               1, 8/5/2025      ,       40896.00,          3408.00, Alligator Cracking     , L       ,         53  , No          , No
W6THST  , 110      ,               1, 8/5/2025      ,       25632.00,          2136.00, Alligator Cracking     , H       ,         53.2, No          , No
FOREAV  , 150      ,               1, 8/5/2025      ,       18144.00,          1512.00, Alligator Cracking     , L       ,         53.5, No          , No
W4THST  , 120      ,               1, 8/5/2025      ,       32832.00,          2736.00, Alligator Cracking     , L       ,         54.2, No          , No
W5THST  , 120      ,               1, 8/5/2025      ,       33264.00,          2772.00, Long. & Trans. Cracking, H       ,         54.4, No          , No
MAINST  , 110      ,               1, 8/5/2025      ,       15840.00,          1320.00, Long. & Trans. Cracking, M       ,         54.5, No          , No
RILIAV  , 20A      ,               1, 8/5/2025      ,        6768.00,           564.00, Weathering             , H       ,         54.5, No          , No
W2NDST  , 110      ,               1, 8/5/2025      ,        1728.00,           144.00, Long. & Trans. Cracking, L       ,         55.8, No          , No
VALLAV  , 110      ,               1, 8/5/2025      ,       46944.00,          3912.00, Alligator Cracking     , H       ,         56  , No          , No
OROVAV  , 10       ,               1, 8/5/2025      ,        4752.00,           396.00, Long. & Trans. Cracking, M       ,         56.1, No          , No
VALLAV  , 100      ,               1, 8/5/2025      ,       47088.00,          3924.00, Block Cracking         , H       ,         56.4, No          , No
WALLST  , 60       ,               1, 8/5/2025      ,        8064.00,           672.00, Patch & Util. Cut Patch, L       ,         56.4, No          , No
E3RDST  , 10       ,               1, 8/5/2025      ,       19728.00,          1644.00, Alligator Cracking     , M       ,         57.2, No          , No
W3RDST  , 110      ,               1, 8/5/2025      ,       32256.00,          2688.00, Long. & Trans. Cracking, L       ,         57.9, No          , No
W2NDST  , 100      ,               1, 8/5/2025      ,        7200.00,           600.00, Block Cracking         , L       ,         58.4, No          , No
W2NDST  , 110      ,               1, 8/5/2025      ,        1728.00,           144.00, Long. & Trans. Cracking, M       ,         59.1, No          , No
PARKAV  , 30       ,               1, 8/5/2025      ,       40320.00,          3360.00, Long. & Trans. Cracking, M       ,         60.2, No          , No
MARIAV  , 100      ,               1, 8/5/2025      ,       24912.00,          2076.00, Alligator Cracking     , H       ,         60.4, No          , No
FOREAV  , 120      ,               1, 8/5/2025      ,        5328.00,           444.00, Patch & Util. Cut Patch, M       ,         61  , No          , No
SALEST  , 110      ,               1, 8/5/2025      ,       32832.00,          2736.00, Alligator Cracking     , L       ,         61.1, No          , No
FOREAV  , 100      ,               1, 8/5/2025      ,       23328.00,          1944.00, Alligator Cracking     , M       ,         62.1, No          , No
W1STST  , 10       ,               1, 8/5/2025      ,        9648.00,           804.00, Alligator Cracking     , M       ,         62.4, No          , No
IDYLCR  , 120      ,               1, 8/5/2025      ,       16128.00,          1344.00, Patch & Util. Cut Patch, M       ,         63.1, No          , No
VALLAV  , 160      ,               1, 8/5/2025      ,        8928.00,           744.00, Alligator Cracking     , L       ,         63.5, No          , No
RILIAV  , 20A      ,               1, 8/5/2025      ,        6768.00,           564.00, Alligator Cracking     , L       ,         63.9, No          , No
W6THST  , 100      ,               1, 8/5/2025      ,       16128.00,          1344.00, Alligator Cracking     , L       ,         64  , No          , No
HAZEST  , 110      ,               1, 8/5/2025      ,       22608.00,          1884.00, Block Cracking         , H       ,         64.1, No          , No
BRUCRD  , 110      ,               1, 8/5/2025      ,       46512.00,          3876.00, Block Cracking         , H       ,         64.6, No          , No
W2NDST  , 100      ,               1, 8/5/2025      ,        7200.00,           600.00, Long. & Trans. Cracking, M       ,         65.4, No          , No
W5THST  , 130      ,               1, 8/5/2025      ,        2016.00,           168.00, Long. & Trans. Cracking, L       ,         65.7, No          , No
W4THST  , 100      ,               1, 8/5/2025      ,        4176.00,           348.00, Weathering             , L       ,         66.3, No          , No
FOREAV  , 140      ,               1, 8/5/2025      ,       19584.00,          1632.00, Weathering             , L       ,         66.6, No          , No
COHARD  , 150      ,               1, 8/5/2025      ,       29664.00,          2472.00, Patch & Util. Cut Patch, L       ,         66.9, No          , No
CHERST  , 110      ,               1, 8/5/2025      ,       28656.00,          2388.00, Alligator Cracking     , H       ,         67.1, No          , No
FLORAV  , 160      ,               1, 8/5/2025      ,       11376.00,           948.00, Long. & Trans. Cracking, L       ,         67.6, No          , No
IDYLCR  , 100      ,               1, 8/5/2025      ,       24768.00,          2064.00, Block Cracking         , L       ,         67.8, No          , No
BRUCRD  , 100      ,               1, 8/5/2025      ,       36864.00,          3072.00, Alligator Cracking     , L       ,         68.7, No          , No
EASTAV  , 180      ,               1, 8/5/2025      ,       26496.00,          2208.00, Long. & Trans. Cracking, L       ,         69  , No          , No
W3RDST  , 100      ,               1, 8/5/2025      ,        8784.00,           732.00, Long. & Trans. Cracking, M       ,         69  , No          , No
PARKAV  , 50       ,               1, 8/5/2025      ,       34272.00,          2856.00, Alligator Cracking     , H       ,         70  , No          , No
CEDAST  , 30       ,               1, 8/5/2025      ,       23472.00,          1956.00, Block Cracking         , M       ,         70.3, No          , No
CEDAST  , 10       ,               1, 8/5/2025      ,       15552.00,          1296.00, Long. & Trans. Cracking, H       ,         70.6, No          , No
NORMAV  , 60       ,               1, 8/5/2025      ,       30816.00,          2568.00, Raveling               , H       ,         70.9, No          , No
NORMAV  , 50       ,               1, 8/5/2025      ,       23472.00,          1956.00, Alligator Cracking     , L       ,         71.8, No          , No
VALLAV  , 170      ,               1, 8/5/2025      ,       22032.00,          1836.00, Patch & Util. Cut Patch, L       ,         72  , No          , No
COHARD  , 170      ,               1, 8/5/2025      ,        8064.00,           672.00, Weathering             , L       ,         72.4, No          , No
WALLST  , 70       ,               1, 8/5/2025      ,        4752.00,           396.00, Block Cracking         , M       ,         72.7, No          , No
W2NDST  , 120      ,               1, 8/5/2025      ,        2736.00,           228.00, Long. & Trans. Cracking, L       ,         73.2, No          , No
W4THST  , 130      ,               1, 8/5/2025      ,       16416.00,          1368.00, Weathering             , L       ,         73.2, No          , No
VALLAV  , 110      ,               1, 8/5/2025      ,       46944.00,          3912.00, Block Cracking         , H       ,         73.7, No          , No
MAINST  , 120      ,               1, 8/5/2025      ,       15696.00,          1308.00, Patch & Util. Cut Patch, L       ,         74  , No          , No
FOREAV  , 170      ,               1, 8/5/2025      ,       21456.00,          1788.00, Alligator Cracking     , H       ,         74.2, No          , No
IVYST   , 100      ,               1, 8/5/2025      ,       31968.00,          2664.00, Block Cracking         , H       ,         74.2, No          , No
E4THST  , 10       ,               1, 8/5/2025      ,       11952.00,           996.00, Alligator Cracking     , L       ,         74.3, No          , No
FLORAV  , 170      ,               1, 8/5/2025      ,        8640.00,           720.00, Weathering             , H       ,         74.5, No          , No
WALLST  , 70       ,               1, 8/5/2025      ,        4752.00,           396.00, Raveling               , M       ,         74.6, No          , No
W4THST  , 100      ,               1, 8/5/2025      ,        4176.00,           348.00, Raveling               , M       ,         75.3, No          , No
PARKAV  , 30       ,               1, 8/5/2025      ,       40320.00,          3360.00, Patch & Util. Cut Patch, L       ,         75.9, No          , No
W3RDST  , 130      ,               1, 8/5/2025      ,       17568.00,          1464.00, Alligator Cracking     , L       ,         76.1, No          , No
W5THST  , 120      ,               1, 8/5/2025      ,       33264.00,          2772.00, Alligator Cracking     , L       ,         76.3, No          , No
PARKAV  , 20       ,               1, 8/5/2025      ,       32400.00,          2700.00, Weathering             , L       ,         76.6, No          , No
E2NDST  , 10       ,               1, 8/5/2025      ,        7776.00,           648.00, Alligator Cracking     , M       ,         76.9, No          , No
NORTAV  , 120      ,               1, 8/5/2025      ,       11376.00,           948.00, Alligator Cracking     , H       ,         77.4, No          , No
W6THST  , 150      ,               1, 8/5/2025      ,        6336.00,           528.00, Long. & Trans. Cracking, M       ,         77.5, No          , No
ESPLAN  , 200      ,               1, 8/5/2025      ,       23904.00,          1992.00, Raveling               , M       ,         78.3, No          , No
BROAST  , 140      ,               1, 8/5/2025      ,       15264.00,          1272.00, Patch & Util. Cut Patch, L       ,         78.4, No          , No
W3RDST  , 100      ,               1, 8/5/2025      ,        8784.00,           732.00, Alligator Cracking     , L       ,         78.6, No          , No
MAINST  , 110      ,               1, 8/5/2025      ,       15840.00,          1320.00, Patch & Util. Cut Patch, L       ,         79.1, No          , No
IVYST   , 100      ,               1, 8/5/2025      ,       31968.00,          2664.00, Long. & Trans. Cracking, H       ,         79.2, No          , No
RILIAV  , 10       ,               1, 8/5/2025      ,       15840.00,          1320.00, Long. & Trans. Cracking, L       ,         79.2, No          , No
LAKEDR  , 120A     ,               1, 8/5/2025      ,       15984.00,          1332.00, Weathering             , L       ,         79.4, No          , No
PARKAV  , 50       ,               1, 8/5/2025      ,       34272.00,          2856.00, Raveling               , M       ,         79.8, No          , No
W4THST  , 140      ,               1, 8/5/2025      ,        7920.00,           660.00, Long. & Trans. Cracking, L       ,         80.1, No          , No
WEASAV  , 70       ,               1, 8/5/2025      ,        3312.00,           276.00, Patch & Util. Cut Patch, M       ,         80.2, No          , No
IDYLCR  , 100      ,               1, 8/5/2025      ,       24768.00,          2064.00, Alligator Cracking     , L       ,         80.3, No          , No
NORTAV  , 130      ,               1, 8/5/2025      ,        4032.00,           336.00, Patch & Util. Cut Patch, L       ,         80.6, No          , No
EASTAV  , 200      ,               1, 8/5/2025      ,        2160.00,           180.00, Long. & Trans. Cracking, L       ,         80.7, No          , No
W5THST  , 100      ,               1, 8/5/2025      ,       16560.00,          1380.00, Raveling               , M       ,         81  , No          , No
W5THST  , 130      ,               1, 8/5/2025      ,        2016.00,           168.00, Patch & Util. Cut Patch, L       ,         81.6, No          , No
CEDAST  , 10       ,               1, 8/5/2025      ,       15552.00,          1296.00, Block Cracking         , L       ,         81.8, No          , No
HAZEST  , 100      ,               1, 8/5/2025      ,       23040.00,          1920.00, Alligator Cracking     , L       ,         83.2, No          , No
VALLAV  , 170      ,               1, 8/5/2025      ,       22032.00,          1836.00, Alligator Cracking     , H       ,         83.6, No          , No
IDYLCR  , 110      ,               1, 8/5/2025      ,       26928.00,          2244.00, Block Cracking         , L       ,         83.7, No          , No
FOREAV  , 130      ,               1, 8/5/2025      ,       14976.00,          1248.00, Weathering             , H       ,         84.4, No          , No
MARIAV  , 100      ,               1, 8/5/2025      ,       24912.00,          2076.00, Long. & Trans. Cracking, H       ,         84.4, No          , No
ESPLAN  , 190      ,               1, 8/5/2025      ,       16848.00,          1404.00, Long. & Trans. Cracking, M       ,         84.8, No          , No
W4THST  , 100      ,               1, 8/5/2025      ,        4176.00,           348.00, Alligator Cracking     , M       ,         85.3, No          , No
W3RDST  , 100      ,               1, 8/5/2025      ,        8784.00,           732.00, Block Cracking         , L       ,         85.4, No          , No
CEDAST  , 10       ,               1, 8/5/2025      ,       15552.00,          1296.00, Long. & Trans. Cracking, L       ,         86.5, No          , No
FOREAV  , 100      ,               1, 8/5/2025      ,       23328.00,          1944.00, Patch & Util. Cut Patch, L       ,         86.9, No          , No
W5THST  , 110      ,               1, 8/5/2025      ,       33120.00,          2760.00, Block Cracking         , M       ,         87.3, No          , No
ORANST  , 10       ,               1, 8/5/2025      ,       23184.00,          1932.00, Long. & Trans. Cracking, H       ,         87.5, No          , No
WEASAV  , 70       ,               1, 8/5/2025      ,        3312.00,           276.00, Alligator Cracking     , M       ,         88.7, No          , No
FOREAV  , 120      ,               1, 8/5/2025      ,        5328.00,           444.00, Long. & Trans. Cracking, L       ,         90.3, No          , No
W6THST  , 100      ,               1, 8/5/2025      ,       16128.00,          1344.00, Patch & Util. Cut Patch, L       ,         91.6, No          , No
W7THST  , 140      ,               1, 8/5/2025      ,        1584.00,           132.00, Long. & Trans. Cracking, L       ,         91.9, No          , No
W7THST  , 140      ,               1, 8/5/2025      ,        1584.00,           132.00, Patch & Util. Cut Patch, L       ,         92.1, No          , No
NORTAV  , 120      ,               1, 8/5/2025      ,       11376.00,           948.00, Patch & Util. Cut Patch, M       ,         92.5, No          , No
SALEST  , 100      ,               1, 8/5/2025      ,       31392.00,          2616.00, Alligator Cracking     , M       ,         92.5, No          , No
IDYLCR  , 110      ,               1, 8/5/2025      ,       26928.00,          2244.00, Alligator Cracking     , H       ,         93.7, No          , No
LAKEDR  , 120B     ,               1, 8/5/2025      ,       24768.00,          2064.00, Patch & Util. Cut Patch, M       ,         93.8, No          , No
FOREAV  , 160      ,               1, 8/5/2025      ,       48240.00,          4020.00, Alligator Cracking     , L       ,         94.7, No          , No
IDYLCR  , 130      ,               1, 8/5/2025      ,       22032.00,          1836.00, Patch & Util. Cut Patch, L       ,         94.9, No          , No
E2NDST  , 10       ,               1, 8/5/2025      ,        7776.00,           648.00, Long. & Trans. Cracking, M       ,         95.6, No          , No
W1STST  , 10       ,               1, 8/5/2025      ,        9648.00,           804.00, Long. & Trans. Cracking, M       ,         96.2, No          , No
BROAST  , 140      ,               1, 8/5/2025      ,       15264.00,          1272.00, Long. & Trans. Cracking, M       ,         96.7, No          , No
WALLST  , 40       ,               1, 8/5/2025      ,        7200.00,           600.00, Long. & Trans. Cracking, H       ,         96.7, No          , No
MAINST  , 110      ,               1, 8/5/2025      ,       15840.00,          1320.00, Raveling               , H       ,         97.3, No          , No
W7THST  , 140      ,               1, 8/5/2025      ,        1584.00,           132.00, Long. & Trans. Cracking, M       ,         97.6, No          , No
CHERST  , 110      ,               1, 8/5/2025      ,       28656.00,          2388.00, Alligator Cracking     , L       ,         98.3, No          , No
FLORAV  , 150      ,               1, 8/5/2025      ,        6480.00,           540.00, Long. & Trans. Cracking, M       ,         98.5, No          , No
PARKAV  , 50       ,               1, 8/5/2025      ,       34272.00,          2856.00, Weathering             , H       ,         98.5, No          , No
E4THST  , 20       ,               1, 8/5/2025      ,        4320.00,           360.00, Patch & Util. Cut Patch, M       ,         98.6, No          , No
BROAST  , 130      ,               1, 8/5/2025      ,       12528.00,          1044.00, Long. & Trans. Cracking, M       ,         99.1, No          , No
EASTAV  , 200      ,               1, 8/5/2025      ,        2160.00,           180.00, Patch & Util. Cut Patch, M       ,         99.7, No          , No
CEDAST  , 20       ,               1, 8/5/2025      ,       15264.00,          1272.00, Long. & Trans. Cracking, L       ,        100.3, No          , No
OROVAV  , 10       ,               1, 8/5/2025      ,        4752.00,           396.00, Block Cracking         , M       ,        100.5, No          , No
MARIAV  , 100      ,               1, 8/5/2025      ,       24912.00,          2076.00, Raveling               , M       ,        100.6, No          , No
W2NDST  , 120      ,               1, 8/5/2025      ,        2736.00,           228.00, Block Cracking         , L       ,        100.7, No          , No
BROAST  , 130      ,               1, 8/5/2025      ,       12528.00,          1044.00, Patch & Util. Cut Patch, L       ,        103.1, No          , No
LAKEDR  , 120A     ,               1, 8/5/2025      ,       15984.00,          1332.00, Alligator Cracking     , L       ,        103.2, No          , No
PARKAV  , 50       ,               1, 8/5/2025      ,       34272.00,          2856.00, Weathering             , L       ,        103.4, No          , No
WALLST  , 70       ,               1, 8/5/2025      ,        4752.00,           396.00, Long. & Trans. Cracking, L       ,        103.7, No          , No
PARKAV  , 30       ,               1, 8/5/2025      ,       40320.00,          3360.00, Long. & Trans. Cracking, L       ,        103.9, No          , No
E4THST  , 10       ,               1, 8/5/2025      ,       11952.00,           996.00, Long. & Trans. Cracking, M       ,        104  , No          , No
NODABL  , 100      ,               1, 8/5/2025      ,       14976.00,          1248.00, Weathering             , L       ,        104.7, No          , No
W4THST  , 110      ,               1, 8/5/2025      ,        4176.00,           348.00, Block Cracking         , M       ,        105.2, No          , No
NORTAV  , 130      ,               1, 8/5/2025      ,        4032.00,           336.00, Block Cracking         , M       ,        105.4, No          , No
ESPLAN  , 210      ,               1, 8/5/2025      ,       17280.00,          1440.00, Long. & Trans. Cracking, M       ,        105.5, No          , No
PIHIDR  , 10       ,               1, 8/5/2025      ,       28224.00,          2352.00, Long. & Trans. Cracking, L       ,        106.4, No          , No
NORTAV  , 130      ,               1, 8/5/2025      ,        4032.00,           336.00, Long. & Trans. Cracking, M       ,        106.6, No          , No
FLORAV  , 170      ,               1, 8/5/2025      ,        8640.00,           720.00, Long. & Trans. Cracking, L       ,        107.2, No          , No
W5THST  , 110      ,               1, 8/5/2025      ,       33120.00,          2760.00, Alligator Cracking     , L       ,        107.8, No          , No
PARKAV  , 50       ,               1, 8/5/2025      ,       34272.00,          2856.00, Block Cracking         , M       ,        108.1, No          , No
CEDAST  , 30       ,               1, 8/5/2025      ,       23472.00,          1956.00, Long. & Trans. Cracking, L       ,        108.5, No          , No
ESPLAN  , 200      ,               1, 8/5/2025      ,       23904.00,          1992.00, Patch & Util. Cut Patch, L       ,        109.2, No          , No
BRUCRD  , 100      ,               1, 8/5/2025      ,       36864.00,          3072.00, Block Cracking         , L       ,        109.6, No          , No
LAKEDR  , 110      ,               1, 8/5/2025      ,       37584.00,          3132.00, Alligator Cracking     , L       ,        110.8, No          , No
MAINST  , 110      ,               1, 8/5/2025      ,       15840.00,          1320.00, Raveling               , M       ,        111  , No          , No
RILIAV  , 20A      ,               1, 8/5/2025      ,        6768.00,           564.00, Long. & Trans. Cracking, L       ,        111.2, No          , No
W7THST  , 140      ,               1, 8/5/2025      ,        1584.00,           132.00, Block Cracking         , L       ,        111.5, No          , No
PARKAV  , 20       ,               1, 8/5/2025      ,       32400.00,          2700.00, Long. & Trans. Cracking, L       ,        111.7, No          , No
E7THST  , 100      ,               1, 8/5/2025      ,        3312.00,           276.00, Long. & Trans. Cracking, L       ,        111.8, No          , No
RILIAV  , 20A      ,               1, 8/5/2025      ,        6768.00,           564.00, Block Cracking         , M       ,        113.1, No          , No
COHARD  , 170      ,               1, 8/5/2025      ,        8064.00,           672.00, Long. & Trans. Cracking, L       ,        113.3, No          , No
FLORAV  , 150      ,               1, 8/5/2025      ,        6480.00,           540.00, Alligator Cracking     , H       ,        113.6, No          , No
COHARD  , 150      ,               1, 8/5/2025      ,       29664.00,          2472.00, Alligator Cracking     , L       ,        113.7, No          , No
OROVAV  , 10       ,               1, 8/5/2025      ,        4752.00,           396.00, Alligator Cracking     , M       ,        114.3, No          , No
E7THST  , 100      ,               1, 8/5/2025      ,        3312.00,           276.00, Long. & Trans. Cracking, M       ,        115.5, No          , No
IVYST   , 110A     ,               1, 8/5/2025      ,       16560.00,          1380.00, Long. & Trans. Cracking, L       ,        115.7, No          , No
W4THST  , 130      ,               1, 8/5/2025      ,       16416.00,          1368.00, Patch & Util. Cut Patch, M       ,        116.9, No          , No
WALLST  , 50       ,               1, 8/5/2025      ,        7056.00,           588.00, Patch & Util. Cut Patch, M       ,        117.1, No          , No
E6THST  , 100      ,               1, 8/5/2025      ,       15840.00,          1320.00, Block Cracking         , L       ,        120.1, No          , No
FOREAV  , 110      ,               1, 8/5/2025      ,       24624.00,          2052.00, Weathering             , L       ,        120.3, No          , No
RILIAV  , 20B      ,               1, 8/5/2025      ,       14400.00,          1200.00, Patch & Util. Cut Patch, M       ,        120.8, No          , No
WALLST  , 40       ,               1, 8/5/2025      ,        7200.00,           600.00, Block Cracking         , L       ,        121.4, No          , No
EASTAV  , 200      ,               1, 8/5/2025      ,        2160.00,           180.00, Raveling               , M       ,        122.6, No          , No
FOREAV  , 130      ,               1, 8/5/2025      ,       14976.00,          1248.00, Weathering             , L       ,        123  , No          , No
HAZEST  , 100      ,               1, 8/5/2025      ,       23040.00,          1920.00, Long. & Trans. Cracking, L       ,        123.7, No          , No
IDYLCR  , 110      ,               1, 8/5/2025      ,       26928.00,          2244.00, Patch & Util. Cut Patch, L       ,        124.1, No          , No
W6THST  , 150      ,               1, 8/5/2025      ,        6336.00,           528.00, Block Cracking         , L       ,        124.1, No          , No
PIHIDR  , 20       ,               1, 8/5/2025      ,       10800.00,           900.00, Patch & Util. Cut Patch, M       ,        125.2, No          , No
BRUCRD  , 110      ,               1, 8/5/2025      ,       46512.00,          3876.00, Alligator Cracking     , L       ,        126.2, No          , No
W6THST  , 150      ,               1, 8/5/2025      ,        6336.00,           528.00, Block Cracking         , M       ,        127.3, No          , No
OROVAV  , 10       ,               1, 8/5/2025      ,        4752.00,           396.00, Patch & Util. Cut Patch, L       ,        128.1, No          , No
LAKEDR  , 120B     ,               1, 8/5/2025      ,       24768.00,          2064.00, Weathering             , L       ,        131.1, No          , No
W6THST  , 100      ,               1, 8/5/2025      ,       16128.00,          1344.00, Block Cracking         , H       ,        131.1, No          , No
HAZEST  , 110      ,               1, 8/5/2025      ,       22608.00,          1884.00, Block Cracking         , L       ,        131.6, No          , No
FLORAV  , 150      ,               1, 8/5/2025      ,        6480.00,           540.00, Alligator Cracking     , M       ,        132.2, No          , No
WALLST  , 70       ,               1, 8/5/2025      ,        4752.00,           396.00, Block Cracking         , H       ,        132.6, No          , No
E3RDST  , 10       ,               1, 8/5/2025      ,       19728.00,          1644.00, Block Cracking         , L       ,        132.9, No          , No
W6THST  , 150      ,               1, 8/5/2025      ,        6336.00,           528.00, Long. & Trans. Cracking, L       ,        133.2, No          , No
VALLAV  , 110      ,               1, 8/5/2025      ,       46944.00,          3912.00, Alligator Cracking     , L       ,        133.6, No          , No
FOREAV  , 170      ,               1, 8/5/2025      ,       21456.00,          1788.00, Block Cracking         , H       ,        134.4, No          , No
IDYLCR  , 140      ,               1, 8/5/2025      ,       40896.00,          3408.00, Patch & Util. Cut Patch, L       ,        135.1, No          , No
W8THST  , 10       ,               1, 8/5/2025      ,        2592.00,           216.00, Block Cracking         , M       ,        135.8, No          , No
W5THST  , 130      ,               1, 8/5/2025      ,        2016.00,           168.00, Long. & Trans. Cracking, M       ,        137.1, No          , No
WEASAV  , 70       ,               1, 8/5/2025      ,        3312.00,           276.00, Weathering             , L       ,        137.7, No          , No
VALLAV  , 100      ,               1, 8/5/2025      ,       47088.00,          3924.00, Alligator Cracking     , L       ,        137.8, No          , No
FOREAV  , 110      ,               1, 8/5/2025      ,       24624.00,          2052.00, Block Cracking         , M       ,        138  , No          , No
WALLST  , 40       ,               1, 8/5/2025      ,        7200.00,           600.00, Long. & Trans. Cracking, L       ,        138.6, No          , No
W4THST  , 130      ,               1, 8/5/2025      ,       16416.00,          1368.00, Block Cracking         , L       ,        139.6, No          , No
MAINST  , 110      ,               1, 8/5/2025      ,       15840.00,          1320.00, Patch & Util. Cut Patch, M       ,        140.1, No          , No
W5THST  , 100      ,               1, 8/5/2025      ,       16560.00,          1380.00, Alligator Cracking     , L       ,        140.1, No          , No
W7THST  , 140      ,               1, 8/5/2025      ,        1584.00,           132.00, Raveling               , M       ,        140.6, No          , No
FOREAV  , 160      ,               1, 8/5/2025      ,       48240.00,          4020.00, Weathering             , L       ,        141.1, No          , No
IDYLCR  , 140      ,               1, 8/5/2025      ,       40896.00,          3408.00, Raveling               , M       ,        141.9, No          , No
VALLAV  , 170      ,               1, 8/5/2025      ,       22032.00,          1836.00, Alligator Cracking     , L       ,        142.1, No          , No
EASTAV  , 210      ,               1, 8/5/2025      ,       16128.00,          1344.00, Patch & Util. Cut Patch, M       ,        142.7, No          , No
ESPLAN  , 210      ,               1, 8/5/2025      ,       17280.00,          1440.00, Long. & Trans. Cracking, L       ,        142.9, No          , No
WALLST  , 60       ,               1, 8/5/2025      ,        8064.00,           672.00, Weathering             , L       ,        143.1, No          , No
W6THST  , 100      ,               1, 8/5/2025      ,       16128.00,          1344.00, Weathering             , H       ,        143.5, No          , No
W4THST  , 100      ,               1, 8/5/2025      ,        4176.00,           348.00, Weathering             , H       ,        143.6, No          , No
FOREAV  , 160      ,               1, 8/5/2025      ,       48240.00,          4020.00, Block Cracking         , L       ,        143.7, No          , No
BRUCRD  , 110      ,               1, 8/5/2025      ,       46512.00,          3876.00, Patch & Util. Cut Patch, L       ,        143.8, No          , No
CEDAST  , 30       ,               1, 8/5/2025      ,       23472.00,          1956.00, Long. & Trans. Cracking, M       ,        143.8, No          , No
W2NDST  , 120      ,               1, 8/5/2025      ,        2736.00,           228.00, Long. & Trans. Cracking, M       ,        144.3, No          , No
LAKEDR  , 110      ,               1, 8/5/2025      ,       37584.00,          3132.00, Patch & Util. Cut Patch, L       ,        145.9, No          , No
PIHIDR  , 10       ,               1, 8/5/2025      ,       28224.00,          2352.00, Patch & Util. Cut Patch, L       ,        146.2, No          , No
VALLAV  , 150      ,               1, 8/5/2025      ,       26928.00,          2244.00, Alligator Cracking     , H       ,        146.7, No          , No
E4THST  , 10       ,               1, 8/5/2025      ,       11952.00,           996.00, Patch & Util. Cut Patch, L       ,        147.2, No          , No
HAZEST  , 100      ,               1, 8/5/2025      ,       23040.00,          1920.00, Block Cracking         , L       ,        148.5, No          , No
NODABL  , 120      ,               1, 8/5/2025      ,       14976.00,          1248.00, Long. & Trans. Cracking, M       ,        149  , No          , No
RILIAV  , 20A      ,               1, 8/5/2025      ,        6768.00,           564.00, Patch & Util. Cut Patch, L       ,        149.3, No          , No
W4THST  , 120      ,               1, 8/5/2025      ,       32832.00,          2736.00, Long. & Trans. Cracking, L       ,        149.4, No          , No
IDYLCR  , 100      ,               1, 8/5/2025      ,       24768.00,          2064.00, Patch & Util. Cut Patch, L       ,        150.3, No          , No
W8THST  , 10       ,               1, 8/5/2025      ,        2592.00,           216.00, Long. & Trans. Cracking, M       ,        150.3, No          , No
FLORAV  , 170      ,               1, 8/5/2025      ,        8640.00,           720.00, Long. & Trans. Cracking, M       ,        150.9, No          , No
W4THST  , 140      ,               1, 8/5/2025      ,        7920.00,           660.00, Alligator Cracking     , H       ,        151.7, No          , No
LAKEDR  , 110      ,               1, 8/5/2025      ,       37584.00,          3132.00, Patch & Util. Cut Patch, M       ,        152.1, No          , No
COHARD  , 150      ,               1, 8/5/2025      ,       29664.00,          2472.00, Weathering             , L       ,        152.5, No          , No
W5THST  , 120      ,               1, 8/5/2025      ,       33264.00,          2772.00, Block Cracking         , L       ,        153  , No          , No
W3RDST  , 100      ,               1, 8/5/2025      ,        8784.00,           732.00, Patch & Util. Cut Patch, L       ,        155  , No          , No
W4THST  , 140      ,               1, 8/5/2025      ,        7920.00,           660.00, Patch & Util. Cut Patch, M       ,        155  , No          , No
WALLST  , 40       ,               1, 8/5/2025      ,        7200.00,           600.00, Weathering             , H       ,        155  , No          , No
W2NDST  , 110      ,               1, 8/5/2025      ,        1728.00,           144.00, Weathering             , L       ,        155.1, No          , No
CHERST  , 110      ,               1, 8/5/2025      ,       28656.00,          2388.00, Long. & Trans. Cracking, L       ,        155.7, No          , No
W5THST  , 130      ,               1, 8/5/2025      ,        2016.00,           168.00, Block Cracking         , M       ,        155.8, No          , No
VALLAV  , 170      ,               1, 8/5/2025      ,       22032.00,          1836.00, Long. & Trans. Cracking, H       ,        156.5, No          , No
WEASAV  , 70       ,               1, 8/5/2025      ,        3312.00,           276.00, Long. & Trans. Cracking, M       ,        157.1, No          , No
IDYLCR  , 140      ,               1, 8/5/2025      ,       40896.00,          3408.00, Block Cracking         , L       ,        157.7, No          , No
NODABL  , 120      ,               1, 8/5/2025      ,       14976.00,          1248.00, Block Cracking         , M       ,        157.7, No          , No
FOREAV  , 140      ,               1, 8/5/2025      ,       19584.00,          1632.00, Block Cracking         , M       ,        157.8, No          , No
W4THST  , 140      ,               1, 8/5/2025      ,        7920.00,           660.00, Long. & Trans. Cracking, M       ,        158.8, No          , No
E7THST  , 100      ,               1, 8/5/2025      ,        3312.00,           276.00, Patch & Util. Cut Patch, L       ,        159.6, No          , No
E3RDST  , 10       ,               1, 8/5/2025      ,       19728.00,          1644.00, Long. & Trans. Cracking, M       ,        160  , No          , No
E5THST  , 10       ,               1, 8/5/2025      ,       28224.00,          2352.00, Alligator Cracking     , L       ,        160  , No          , No
W1STST  , 10       ,               1, 8/5/2025      ,        9648.00,           804.00, Block Cracking         , L       ,        162.5, No          , No
PARKAV  , 40       ,               1, 8/5/2025      ,       35280.00,          2940.00, Weathering             , H       ,        162.7, No          , No
W5THST  , 120      ,               1, 8/5/2025      ,       33264.00,          2772.00, Alligator Cracking     , H       ,        162.8, No          , No
IVYST   , 100      ,               1, 8/5/2025      ,       31968.00,          2664.00, Alligator Cracking     , H       ,        163  , No          , No
FOREAV  , 140      ,               1, 8/5/2025      ,       19584.00,          1632.00, Weathering             , H       ,        165.4, No          , No
FOREAV  , 110      ,               1, 8/5/2025      ,       24624.00,          2052.00, Long. & Trans. Cracking, M       ,        165.6, No          , No
IDYLCR  , 130      ,               1, 8/5/2025      ,       22032.00,          1836.00, Weathering             , L       ,        166.4, No          , No
W6THST  , 100      ,               1, 8/5/2025      ,       16128.00,          1344.00, Block Cracking         , L       ,        166.5, No          , No
SALEST  , 100      ,               1, 8/5/2025      ,       31392.00,          2616.00, Patch & Util. Cut Patch, L       ,        166.6, No          , No
RILIAV  , 20A      ,               1, 8/5/2025      ,        6768.00,           564.00, Weathering             , L       ,        166.8, No          , No
VALLAV  , 160      ,               1, 8/5/2025      ,        8928.00,           744.00, Long. & Trans. Cracking, L       ,        168.2, No          , No
FLORAV  , 160      ,               1, 8/5/2025      ,       11376.00,           948.00, Raveling               , M       ,        168.8, No          , No
IDYLCR  , 140      ,               1, 8/5/2025      ,       40896.00,          3408.00, Patch & Util. Cut Patch, M       ,        170.1, No          , No
E5THST  , 10       ,               1, 8/5/2025      ,       28224.00,          2352.00, Block Cracking         , L       ,        170.2, No          , No
ESPLAN  , 200      ,               1, 8/5/2025      ,       23904.00,          1992.00, Weathering             , L       ,        170.4, No          , No
W6THST  , 110      ,               1, 8/5/2025      ,       25632.00,          2136.00, Long. & Trans. Cracking, L       ,        171.2, No          , No
BRUCRD  , 100      ,               1, 8/5/2025      ,       36864.00,          3072.00, Patch & Util. Cut Patch, L       ,        171.7, No          , No
NORTAV  , 120      ,               1, 8/5/2025      ,       11376.00,           948.00, Long. & Trans. Cracking, M       ,        171.7, No          , No
FLORAV  , 170      ,               1, 8/5/2025      ,        8640.00,           720.00, Raveling               , M       ,        171.9, No          , No
LAKEDR  , 120A     ,               1, 8/5/2025      ,       15984.00,          1332.00, Alligator Cracking     , M       ,        172.2, No          , No
W3RDST  , 120      ,               1, 8/5/2025      ,       16560.00,          1380.00, Long. & Trans. Cracking, M       ,        172.2, No          , No
IVYST   , 100      ,               1, 8/5/2025      ,       31968.00,          2664.00, Alligator Cracking     , L       ,        172.3, No          , No
IDYLCR  , 140      ,               1, 8/5/2025      ,       40896.00,          3408.00, Weathering             , L       ,        173.1, No          , No
ESPLAN  , 210      ,               1, 8/5/2025      ,       17280.00,          1440.00, Weathering             , M       ,        174.8, No          , No
FLORAV  , 170      ,               1, 8/5/2025      ,        8640.00,           720.00, Alligator Cracking     , M       ,        175.3, No          , No
WALLST  , 70       ,               1, 8/5/2025      ,        4752.00,           396.00, Alligator Cracking     , M       ,        175.3, No          , No
PIHIDR  , 10       ,               1, 8/5/2025      ,       28224.00,          2352.00, Alligator Cracking     , M       ,        175.6, No          , No
E7THST  , 100      ,               1, 8/5/2025      ,        3312.00,           276.00, Weathering             , H       ,        176  , No          , No
W5THST  , 100      ,               1, 8/5/2025      ,       16560.00,          1380.00, Block Cracking         , M       ,        176.1, No          , No
RILIAV  , 10       ,               1, 8/5/2025      ,       15840.00,          1320.00, Raveling               , M       ,        176.7, No          , No
RILIAV  , 10       ,               1, 8/5/2025      ,       15840.00,          1320.00, Long. & Trans. Cracking, M       ,        178.9, No          , No
WALLST  , 50       ,               1, 8/5/2025      ,        7056.00,           588.00, Long. & Trans. Cracking, L       ,        180.4, No          , No
E4THST  , 20       ,               1, 8/5/2025      ,        4320.00,           360.00, Alligator Cracking     , M       ,        180.5, No          , No
NORTAV  , 120      ,               1, 8/5/2025      ,       11376.00,           948.00, Long. & Trans. Cracking, L       ,        180.6, No          , No
NODABL  , 110      ,               1, 8/5/2025      ,       24336.00,          2028.00, Weathering             , L       ,        181.4, No          , No
FOREAV  , 100      ,               1, 8/5/2025      ,       23328.00,          1944.00, Long. & Trans. Cracking, L       ,        182.3, No          , No
W3RDST  , 130      ,               1, 8/5/2025      ,       17568.00,          1464.00, Block Cracking         , L       ,        182.7, No          , No
W4THST  , 130      ,               1, 8/5/2025      ,       16416.00,          1368.00, Long. & Trans. Cracking, M       ,        182.9, No          , No
W3RDST  , 100      ,               1, 8/5/2025      ,        8784.00,           732.00, Alligator Cracking     , M       ,        183.1, No          , No
W3RDST  , 130      ,               1, 8/5/2025      ,       17568.00,          1464.00, Long. & Trans. Cracking, L       ,        183.3, No          , No
LAKEDR  , 110      ,               1, 8/5/2025      ,       37584.00,          3132.00, Alligator Cracking     , H       ,        183.6, No          , No
W6THST  , 120      ,               1, 8/5/2025      ,       16416.00,          1368.00, Block Cracking         , M       ,        184.2, No          , No
CEDAST  , 10       ,               1, 8/5/2025      ,       15552.00,          1296.00, Patch & Util. Cut Patch, M       ,        186.8, No          , No
VALLAV  , 170      ,               1, 8/5/2025      ,       22032.00,          1836.00, Long. & Trans. Cracking, L       ,        188.4, No          , No
LAKEDR  , 110      ,               1, 8/5/2025      ,       37584.00,          3132.00, Long. & Trans. Cracking, M       ,        193.2, No          , No
IDYLCR  , 120      ,               1, 8/5/2025      ,       16128.00,          1344.00, Weathering             , L       ,        193.6, No          , No
VALLAV  , 100      ,               1, 8/5/2025      ,       47088.00,          3924.00, Patch & Util. Cut Patch, M       ,        193.7, No          , No
W7THST  , 140      ,               1, 8/5/2025      ,        1584.00,           132.00, Weathering             , H       ,        194.1, No          , No
HAZEST  , 110      ,               1, 8/5/2025      ,       22608.00,          1884.00, Block Cracking         , M       ,        194.5, No          , No
WEASAV  , 70       ,               1, 8/5/2025      ,        3312.00,           276.00, Weathering             , H       ,        195.2, No          , No
FOREAV  , 130      ,               1, 8/5/2025      ,       14976.00,          1248.00, Block Cracking         , L       ,        196  , No          , No
E7THST  , 100      ,               1, 8/5/2025      ,        3312.00,           276.00, Weathering             , L       ,        196.3, No          , No
W4THST  , 100      ,               1, 8/5/2025      ,        4176.00,           348.00, Patch & Util. Cut Patch, M       ,        196.8, No          , No
RILIAV  , 20A      ,               1, 8/5/2025      ,        6768.00,           564.00, Patch & Util. Cut Patch, M       ,        197  , No          , No
ESPLAN  , 200      ,               1, 8/5/2025      ,       23904.00,          1992.00, Long. & Trans. Cracking, M       ,        197.5, No          , No
W6THST  , 120      ,               1, 8/5/2025      ,       16416.00,          1368.00, Alligator Cracking     , M       ,        199  , No          , No
VALLAV  , 140      ,               1, 8/5/2025      ,       14256.00,          1188.00, Patch & Util. Cut Patch, M       ,        199.4, No          , No
W6THST  , 120      ,               1, 8/5/2025      ,       16416.00,          1368.00, Weathering             , L       ,        200.6, No          , No
W2NDST  , 100      ,               1, 8/5/2025      ,        7200.00,           600.00, Patch & Util. Cut Patch, M       ,        203.4, No          , No
E6THST  , 100      ,               1, 8/5/2025      ,       15840.00,          1320.00, Alligator Cracking     , H       ,        205.8, No          , No
W3RDST  , 100      ,               1, 8/5/2025      ,        8784.00,           732.00, Block Cracking         , M       ,        207.5, No          , No
CHERST  , 120      ,               1, 8/5/2025      ,       29664.00,          2472.00, Block Cracking         , L       ,        210.7, No          , No
LAKEDR  , 110      ,               1, 8/5/2025      ,       37584.00,          3132.00, Block Cracking         , L       ,        210.7, No          , No
W4THST  , 110      ,               1, 8/5/2025      ,        4176.00,           348.00, Alligator Cracking     , M       ,        212  , No          , No
W6THST  , 150      ,               1, 8/5/2025      ,        6336.00,           528.00, Weathering             , L       ,        213.3, No          , No
NORMAV  , 50       ,               1, 8/5/2025      ,       23472.00,          1956.00, Long. & Trans. Cracking, L       ,        213.4, No          , No
NORMAV  , 60       ,               1, 8/5/2025      ,       30816.00,          2568.00, Raveling               , M       ,        214.6, No          , No
FOREAV  , 130      ,               1, 8/5/2025      ,       14976.00,          1248.00, Block Cracking         , M       ,        216.5, No          , No
NORMAV  , 60       ,               1, 8/5/2025      ,       30816.00,          2568.00, Alligator Cracking     , H       ,        217.2, No          , No
VALLAV  , 100      ,               1, 8/5/2025      ,       47088.00,          3924.00, Patch & Util. Cut Patch, L       ,        217.5, No          , No
HAZEST  , 100      ,               1, 8/5/2025      ,       23040.00,          1920.00, Block Cracking         , H       ,        217.9, No          , No
NODABL  , 120      ,               1, 8/5/2025      ,       14976.00,          1248.00, Weathering             , M       ,        217.9, No          , No
LAKEDR  , 120B     ,               1, 8/5/2025      ,       24768.00,          2064.00, Long. & Trans. Cracking, L       ,        219  , No          , No
W6THST  , 120      ,               1, 8/5/2025      ,       16416.00,          1368.00, Long. & Trans. Cracking, L       ,        219.4, No          , No
FOREAV  , 150      ,               1, 8/5/2025      ,       18144.00,          1512.00, Long. & Trans. Cracking, L       ,        219.6, No          , No
IVYST   , 110A     ,               1, 8/5/2025      ,       16560.00,          1380.00, Long. & Trans. Cracking, M       ,        220.9, No          , No
FLORAV  , 160      ,               1, 8/5/2025      ,       11376.00,           948.00, Long. & Trans. Cracking, M       ,        221.2, No          , No
W6THST  , 110      ,               1, 8/5/2025      ,       25632.00,          2136.00, Block Cracking         , L       ,        221.3, No          , No
HAZEST  , 110      ,               1, 8/5/2025      ,       22608.00,          1884.00, Raveling               , M       ,        221.5, No          , No
FOREAV  , 100      ,               1, 8/5/2025      ,       23328.00,          1944.00, Weathering             , L       ,        221.7, No          , No
CEDAST  , 10       ,               1, 8/5/2025      ,       15552.00,          1296.00, Block Cracking         , M       ,        223.2, No          , No
BROAST  , 130      ,               1, 8/5/2025      ,       12528.00,          1044.00, Patch & Util. Cut Patch, M       ,        223.9, No          , No
ESPLAN  , 190      ,               1, 8/5/2025      ,       16848.00,          1404.00, Weathering             , L       ,        224.3, No          , No
CHERST  , 110      ,               1, 8/5/2025      ,       28656.00,          2388.00, Block Cracking         , H       ,        224.7, No          , No
W3RDST  , 110      ,               1, 8/5/2025      ,       32256.00,          2688.00, Raveling               , H       ,        225  , No          , No
CHERST  , 120      ,               1, 8/5/2025      ,       29664.00,          2472.00, Block Cracking         , M       ,        225.4, No          , No
FOREAV  , 170      ,               1, 8/5/2025      ,       21456.00,          1788.00, Weathering             , L       ,        226.4, No          , No
E3RDST  , 10       ,               1, 8/5/2025      ,       19728.00,          1644.00, Weathering             , H       ,        228.7, No          , No
PIHIDR  , 10       ,               1, 8/5/2025      ,       28224.00,          2352.00, Weathering             , L       ,        228.7, No          , No
CEDAST  , 10       ,               1, 8/5/2025      ,       15552.00,          1296.00, Long. & Trans. Cracking, M       ,        229.4, No          , No
VALLAV  , 150      ,               1, 8/5/2025      ,       26928.00,          2244.00, Raveling               , H       ,        230.2, No          , No
WALLST  , 50       ,               1, 8/5/2025      ,        7056.00,           588.00, Weathering             , L       ,        231.8, No          , No
W8THST  , 10       ,               1, 8/5/2025      ,        2592.00,           216.00, Long. & Trans. Cracking, L       ,        232  , No          , No
BRUCRD  , 100      ,               1, 8/5/2025      ,       36864.00,          3072.00, Long. & Trans. Cracking, L       ,        232.7, No          , No
IDYLCR  , 100      ,               1, 8/5/2025      ,       24768.00,          2064.00, Weathering             , L       ,        233.2, No          , No
W2NDST  , 120      ,               1, 8/5/2025      ,        2736.00,           228.00, Weathering             , H       ,        234.2, No          , No
E5THST  , 10       ,               1, 8/5/2025      ,       28224.00,          2352.00, Long. & Trans. Cracking, M       ,        235  , No          , No
WALLST  , 60       ,               1, 8/5/2025      ,        8064.00,           672.00, Long. & Trans. Cracking, L       ,        235  , No          , No
E6THST  , 100      ,               1, 8/5/2025      ,       15840.00,          1320.00, Long. & Trans. Cracking, L       ,        235.8, No          , No
FOREAV  , 100      ,               1, 8/5/2025      ,       23328.00,          1944.00, Patch & Util. Cut Patch, M       ,        235.9, No          , No
W5THST  , 100      ,               1, 8/5/2025      ,       16560.00,          1380.00, Long. & Trans. Cracking, M       ,        237  , No          , No
PIHIDR  , 20       ,               1, 8/5/2025      ,       10800.00,           900.00, Alligator Cracking     , M       ,        237.2, No          , No
RILIAV  , 20B      ,               1, 8/5/2025      ,       14400.00,          1200.00, Weathering             , L       ,        238.6, No          , No
WALLST  , 70       ,               1, 8/5/2025      ,        4752.00,           396.00, Block Cracking         , L       ,        239.2, No          , No
FOREAV  , 110      ,               1, 8/5/2025      ,       24624.00,          2052.00, Long. & Trans. Cracking, L       ,        241.7, No          , No
BAPADR  , 10       ,               1, 8/5/2025      ,       33264.00,          2772.00, Patch & Util. Cut Patch, M       ,        242.2, No          , No
VALLAV  , 140      ,               1, 8/5/2025      ,       14256.00,          1188.00, Patch & Util. Cut Patch, L       ,        243.4, No          , No
W4THST  , 110      ,               1, 8/5/2025      ,        4176.00,           348.00, Block Cracking         , L       ,        245.7, No          , No
FOREAV  , 130      ,               1, 8/5/2025      ,       14976.00,          1248.00, Block Cracking         , H       ,        245.9, No          , No
FOREAV  , 100      ,               1, 8/5/2025      ,       23328.00,          1944.00, Long. & Trans. Cracking, M       ,        247.6, No          , No
W5THST  , 100      ,               1, 8/5/2025      ,       16560.00,          1380.00, Block Cracking         , L       ,        251.6, No          , No
CEDAST  , 10       ,               1, 8/5/2025      ,       15552.00,          1296.00, Weathering             , L       ,        251.8, No          , No
W3RDST  , 120      ,               1, 8/5/2025      ,       16560.00,          1380.00, Patch & Util. Cut Patch, M       ,        252.9, No          , No
WALLST  , 70       ,               1, 8/5/2025      ,        4752.00,           396.00, Weathering             , H       ,        255.4, No          , No
BRUCRD  , 100      ,               1, 8/5/2025      ,       36864.00,          3072.00, Block Cracking         , M       ,        257  , No          , No
IDYLCR  , 120      ,               1, 8/5/2025      ,       16128.00,          1344.00, Alligator Cracking     , H       ,        258.9, No          , No
IDYLCR  , 130      ,               1, 8/5/2025      ,       22032.00,          1836.00, Block Cracking         , L       ,        259.1, No          , No
VALLAV  , 170      ,               1, 8/5/2025      ,       22032.00,          1836.00, Alligator Cracking     , M       ,        259.2, No          , No
W8THST  , 10       ,               1, 8/5/2025      ,        2592.00,           216.00, Patch & Util. Cut Patch, L       ,        259.7, No          , No
BRUCRD  , 110      ,               1, 8/5/2025      ,       46512.00,          3876.00, Block Cracking         , M       ,        260.2, No          , No
FOREAV  , 160      ,               1, 8/5/2025      ,       48240.00,          4020.00, Long. & Trans. Cracking, H       ,        260.6, No          , No
CHERST  , 120      ,               1, 8/5/2025      ,       29664.00,          2472.00, Raveling               , M       ,        260.8, No          , No
CHERST  , 120      ,               1, 8/5/2025      ,       29664.00,          2472.00, Long. & Trans. Cracking, L       ,        261.2, No          , No
E4THST  , 20       ,               1, 8/5/2025      ,        4320.00,           360.00, Long. & Trans. Cracking, L       ,        262  , No          , No
NORMAV  , 60       ,               1, 8/5/2025      ,       30816.00,          2568.00, Long. & Trans. Cracking, L       ,        263.2, No          , No
FOREAV  , 170      ,               1, 8/5/2025      ,       21456.00,          1788.00, Patch & Util. Cut Patch, M       ,        266.3, No          , No
W5THST  , 110      ,               1, 8/5/2025      ,       33120.00,          2760.00, Long. & Trans. Cracking, L       ,        266.3, No          , No
W6THST  , 120      ,               1, 8/5/2025      ,       16416.00,          1368.00, Long. & Trans. Cracking, M       ,        267.6, No          , No
BROAST  , 140      ,               1, 8/5/2025      ,       15264.00,          1272.00, Patch & Util. Cut Patch, M       ,        267.7, No          , No
FOREAV  , 160      ,               1, 8/5/2025      ,       48240.00,          4020.00, Patch & Util. Cut Patch, L       ,        269.7, No          , No
WALLST  , 40       ,               1, 8/5/2025      ,        7200.00,           600.00, Alligator Cracking     , H       ,        270.5, No          , No
PIHIDR  , 20       ,               1, 8/5/2025      ,       10800.00,           900.00, Long. & Trans. Cracking, L       ,        271.5, No          , No
W7THST  , 100      ,               1, 8/5/2025      ,       15408.00,          1284.00, Block Cracking         , M       ,        273.2, No          , No
W2NDST  , 120      ,               1, 8/5/2025      ,        2736.00,           228.00, Patch & Util. Cut Patch, M       ,        273.3, No          , No
VALLAV  , 150      ,               1, 8/5/2025      ,       26928.00,          2244.00, Long. & Trans. Cracking, M       ,        273.4, No          , No
WALLST  , 40       ,               1, 8/5/2025      ,        7200.00,           600.00, Alligator Cracking     , M       ,        277.7, No          , No
LAKEDR  , 130      ,               1, 8/5/2025      ,        4608.00,           384.00, Long. & Trans. Cracking, M       ,        281  , No          , No
MARIAV  , 100      ,               1, 8/5/2025      ,       24912.00,          2076.00, Long. & Trans. Cracking, L       ,        284.5, No          , No
W6THST  , 120      ,               1, 8/5/2025      ,       16416.00,          1368.00, Raveling               , M       ,        287.7, No          , No
W5THST  , 120      ,               1, 8/5/2025      ,       33264.00,          2772.00, Long. & Trans. Cracking, L       ,        287.8, No          , No
IVYST   , 100      ,               1, 8/5/2025      ,       31968.00,          2664.00, Weathering             , H       ,        288.2, No          , No
ORANST  , 10       ,               1, 8/5/2025      ,       23184.00,          1932.00, Long. & Trans. Cracking, L       ,        288.4, No          , No
VALLAV  , 160      ,               1, 8/5/2025      ,        8928.00,           744.00, Weathering             , L       ,        288.8, No          , No
W3RDST  , 110      ,               1, 8/5/2025      ,       32256.00,          2688.00, Patch & Util. Cut Patch, M       ,        289  , No          , No
W2NDST  , 110      ,               1, 8/5/2025      ,        1728.00,           144.00, Weathering             , M       ,        289.2, No          , No
W5THST  , 110      ,               1, 8/5/2025      ,       33120.00,          2760.00, Weathering             , H       ,        289.8, No          , No
W1STST  , 10       ,               1, 8/5/2025      ,        9648.00,           804.00, Patch & Util. Cut Patch, M       ,        290  , No          , No
E2NDST  , 10       ,               1, 8/5/2025      ,        7776.00,           648.00, Weathering             , L       ,        290.8, No          , No
WALLST  , 40       ,               1, 8/5/2025      ,        7200.00,           600.00, Long. & Trans. Cracking, M       ,        291.3, No          , No
SALEST  , 110      ,               1, 8/5/2025      ,       32832.00,          2736.00, Raveling               , M       ,        292.7, No          , No
ESPLAN  , 200      ,               1, 8/5/2025      ,       23904.00,          1992.00, Long. & Trans. Cracking, L       ,        296.8, No          , No
HAZEST  , 100      ,               1, 8/5/2025      ,       23040.00,          1920.00, Patch & Util. Cut Patch, M       ,        299.8, No          , No
FOREAV  , 150      ,               1, 8/5/2025      ,       18144.00,          1512.00, Weathering             , H       ,        301.1, No          , No
CEDAST  , 10       ,               1, 8/5/2025      ,       15552.00,          1296.00, Raveling               , M       ,        301.2, No          , No
IVYST   , 110A     ,               1, 8/5/2025      ,       16560.00,          1380.00, Raveling               , M       ,        302.3, No          , No
E7THST  , 100      ,               1, 8/5/2025      ,        3312.00,           276.00, Alligator Cracking     , H       ,        303.1, No          , No
W6THST  , 100      ,               1, 8/5/2025      ,       16128.00,          1344.00, Block Cracking         , M       ,        303.5, No          , No
VALLAV  , 170      ,               1, 8/5/2025      ,       22032.00,          1836.00, Block Cracking         , L       ,        304.1, No          , No
FOREAV  , 130      ,               1, 8/5/2025      ,       14976.00,          1248.00, Long. & Trans. Cracking, L       ,        304.6, No          , No
W6THST  , 150      ,               1, 8/5/2025      ,        6336.00,           528.00, Patch & Util. Cut Patch, L       ,        314  , No          , No
VALLAV  , 140      ,               1, 8/5/2025      ,       14256.00,          1188.00, Alligator Cracking     , M       ,        314.4, No          , No
WALLST  , 60       ,               1, 8/5/2025      ,        8064.00,           672.00, Patch & Util. Cut Patch, M       ,        318.5, No          , No
IDYLCR  , 130      ,               1, 8/5/2025      ,       22032.00,          1836.00, Patch & Util. Cut Patch, M       ,        322.4, No          , No
W4THST  , 110      ,               1, 8/5/2025      ,        4176.00,           348.00, Patch & Util. Cut Patch, M       ,        322.5, No          , No
IVYST   , 100      ,               1, 8/5/2025      ,       31968.00,          2664.00, Weathering             , L       ,        324.4, No          , No
W3RDST  , 110      ,               1, 8/5/2025      ,       32256.00,          2688.00, Long. & Trans. Cracking, M       ,        327.9, No          , No
FOREAV  , 140      ,               1, 8/5/2025      ,       19584.00,          1632.00, Raveling               , M       ,        329  , No          , No
HAZEST  , 110      ,               1, 8/5/2025      ,       22608.00,          1884.00, Long. & Trans. Cracking, L       ,        329.1, No          , No
WALLST  , 40       ,               1, 8/5/2025      ,        7200.00,           600.00, Patch & Util. Cut Patch, L       ,        329.6, No          , No
CEDAST  , 20       ,               1, 8/5/2025      ,       15264.00,          1272.00, Long. & Trans. Cracking, M       ,        332.8, No          , No
EASTAV  , 180      ,               1, 8/5/2025      ,       26496.00,          2208.00, Patch & Util. Cut Patch, M       ,        335  , No          , No
W3RDST  , 130      ,               1, 8/5/2025      ,       17568.00,          1464.00, Patch & Util. Cut Patch, L       ,        338.7, No          , No
MARIAV  , 100      ,               1, 8/5/2025      ,       24912.00,          2076.00, Weathering             , L       ,        339.7, No          , No
ORANST  , 10       ,               1, 8/5/2025      ,       23184.00,          1932.00, Block Cracking         , M       ,        341.7, No          , No
W6THST  , 100      ,               1, 8/5/2025      ,       16128.00,          1344.00, Alligator Cracking     , M       ,        343  , No          , No
FOREAV  , 130      ,               1, 8/5/2025      ,       14976.00,          1248.00, Raveling               , M       ,        345.1, No          , No
WALLST  , 50       ,               1, 8/5/2025      ,        7056.00,           588.00, Weathering             , M       ,        345.6, No          , No
FOREAV  , 170      ,               1, 8/5/2025      ,       21456.00,          1788.00, Patch & Util. Cut Patch, L       ,        346.7, No          , No
VALLAV  , 140      ,               1, 8/5/2025      ,       14256.00,          1188.00, Long. & Trans. Cracking, L       ,        351.3, No          , No
MARIAV  , 100      ,               1, 8/5/2025      ,       24912.00,          2076.00, Weathering             , H       ,        353.5, No          , No
ORANST  , 20       ,               1, 8/5/2025      ,       40896.00,          3408.00, Raveling               , M       ,        353.8, No          , No
COHARD  , 160      ,               1, 8/5/2025      ,       23472.00,          1956.00, Long. & Trans. Cracking, L       ,        354.9, No          , No
MARIAV  , 100      ,               1, 8/5/2025      ,       24912.00,          2076.00, Long. & Trans. Cracking, M       ,        355.2, No          , No
WALLST  , 70       ,               1, 8/5/2025      ,        4752.00,           396.00, Long. & Trans. Cracking, M       ,        358.2, No          , No
CEDAST  , 20       ,               1, 8/5/2025      ,       15264.00,          1272.00, Patch & Util. Cut Patch, M       ,        361.1, No          , No
SALEST  , 110      ,               1, 8/5/2025      ,       32832.00,          2736.00, Long. & Trans. Cracking, L       ,        361.8, No          , No
CEDAST  , 30       ,               1, 8/5/2025      ,       23472.00,          1956.00, Raveling               , M       ,        363.1, No          , No
COHARD  , 150      ,               1, 8/5/2025      ,       29664.00,          2472.00, Long. & Trans. Cracking, L       ,        363.9, No          , No
PIHIDR  , 20       ,               1, 8/5/2025      ,       10800.00,           900.00, Long. & Trans. Cracking, M       ,        366.6, No          , No
IVYST   , 110A     ,               1, 8/5/2025      ,       16560.00,          1380.00, Block Cracking         , M       ,        370  , No          , No
W7THST  , 100      ,               1, 8/5/2025      ,       15408.00,          1284.00, Patch & Util. Cut Patch, L       ,        370.3, No          , No
COHARD  , 170      ,               1, 8/5/2025      ,        8064.00,           672.00, Long. & Trans. Cracking, M       ,        370.5, No          , No
NORMAV  , 60       ,               1, 8/5/2025      ,       30816.00,          2568.00, Patch & Util. Cut Patch, M       ,        377.3, No          , No
WALLST  , 40       ,               1, 8/5/2025      ,        7200.00,           600.00, Raveling               , M       ,        384.2, No          , No
ORANST  , 10       ,               1, 8/5/2025      ,       23184.00,          1932.00, Weathering             , L       ,        384.4, No          , No
ORANST  , 10       ,               1, 8/5/2025      ,       23184.00,          1932.00, Alligator Cracking     , M       ,        386.1, No          , No
E1STST  , 20       ,               1, 8/5/2025      ,        9648.00,           804.00, Weathering             , L       ,        388.5, No          , No
NORMAV  , 60       ,               1, 8/5/2025      ,       30816.00,          2568.00, Long. & Trans. Cracking, M       ,        389.5, No          , No
W6THST  , 100      ,               1, 8/5/2025      ,       16128.00,          1344.00, Long. & Trans. Cracking, L       ,        390  , No          , No
ORANST  , 20       ,               1, 8/5/2025      ,       40896.00,          3408.00, Long. & Trans. Cracking, L       ,        391.1, No          , No
EASTAV  , 210      ,               1, 8/5/2025      ,       16128.00,          1344.00, Weathering             , H       ,        398.4, No          , No
BRUCRD  , 110      ,               1, 8/5/2025      ,       46512.00,          3876.00, Long. & Trans. Cracking, L       ,        401.7, No          , No
CHERST  , 120      ,               1, 8/5/2025      ,       29664.00,          2472.00, Weathering             , L       ,        403.8, No          , No
W2NDST  , 120      ,               1, 8/5/2025      ,        2736.00,           228.00, Weathering             , L       ,        412.2, No          , No
W7THST  , 100      ,               1, 8/5/2025      ,       15408.00,          1284.00, Raveling               , M       ,        415.5, No          , No
RILIAV  , 20A      ,               1, 8/5/2025      ,        6768.00,           564.00, Alligator Cracking     , M       ,        416.7, No          , No
VALLAV  , 140      ,               1, 8/5/2025      ,       14256.00,          1188.00, Long. & Trans. Cracking, M       ,        418.1, No          , No
IVYST   , 100      ,               1, 8/5/2025      ,       31968.00,          2664.00, Patch & Util. Cut Patch, L       ,        420.2, No          , No
CEDAST  , 30       ,               1, 8/5/2025      ,       23472.00,          1956.00, Weathering             , L       ,        420.9, No          , No
VALLAV  , 160      ,               1, 8/5/2025      ,        8928.00,           744.00, Block Cracking         , L       ,        421.3, No          , No
LAKEDR  , 120A     ,               1, 8/5/2025      ,       15984.00,          1332.00, Patch & Util. Cut Patch, M       ,        421.5, No          , No
PARKAV  , 30       ,               1, 8/5/2025      ,       40320.00,          3360.00, Weathering             , L       ,        425.1, No          , No
EASTAV  , 180      ,               1, 8/5/2025      ,       26496.00,          2208.00, Weathering             , L       ,        426.3, No          , No
YOSEDR  , 120      ,               1, 8/5/2025      ,       23760.00,          1980.00, Weathering             , L       ,        429.8, No          , No
BROAST  , 140      ,               1, 8/5/2025      ,       15264.00,          1272.00, Block Cracking         , L       ,        430.7, No          , No
IDYLCR  , 110      ,               1, 8/5/2025      ,       26928.00,          2244.00, Weathering             , L       ,        436.5, No          , No
VALLAV  , 160      ,               1, 8/5/2025      ,        8928.00,           744.00, Patch & Util. Cut Patch, M       ,        437.5, No          , No
PARKAV  , 20       ,               1, 8/5/2025      ,       32400.00,          2700.00, Weathering             , H       ,        440.2, No          , No
FOREAV  , 160      ,               1, 8/5/2025      ,       48240.00,          4020.00, Block Cracking         , H       ,        443.8, No          , No
FLORAV  , 170      ,               1, 8/5/2025      ,        8640.00,           720.00, Weathering             , L       ,        447.6, No          , No
LAKEDR  , 120A     ,               1, 8/5/2025      ,       15984.00,          1332.00, Long. & Trans. Cracking, L       ,        449.9, No          , No
RILIAV  , 10       ,               1, 8/5/2025      ,       15840.00,          1320.00, Patch & Util. Cut Patch, L       ,        452.3, No          , No
W3RDST  , 130      ,               1, 8/5/2025      ,       17568.00,          1464.00, Block Cracking         , M       ,        452.4, No          , No
W5THST  , 100      ,               1, 8/5/2025      ,       16560.00,          1380.00, Alligator Cracking     , M       ,        454.7, No          , No
COHARD  , 160      ,               1, 8/5/2025      ,       23472.00,          1956.00, Weathering             , L       ,        456  , No          , No
BAPADR  , 10       ,               1, 8/5/2025      ,       33264.00,          2772.00, Long. & Trans. Cracking, L       ,        461.5, No          , No
W7THST  , 100      ,               1, 8/5/2025      ,       15408.00,          1284.00, Long. & Trans. Cracking, L       ,        465.3, No          , No
W7THST  , 100      ,               1, 8/5/2025      ,       15408.00,          1284.00, Patch & Util. Cut Patch, M       ,        465.8, No          , No
BROAST  , 140      ,               1, 8/5/2025      ,       15264.00,          1272.00, Alligator Cracking     , L       ,        466.6, No          , No
MAINST  , 120      ,               1, 8/5/2025      ,       15696.00,          1308.00, Patch & Util. Cut Patch, M       ,        467.3, No          , No
E7THST  , 100      ,               1, 8/5/2025      ,        3312.00,           276.00, Alligator Cracking     , M       ,        477.4, No          , No
FOREAV  , 120      ,               1, 8/5/2025      ,        5328.00,           444.00, Long. & Trans. Cracking, M       ,        478  , No          , No
PARKAV  , 30       ,               1, 8/5/2025      ,       40320.00,          3360.00, Patch & Util. Cut Patch, M       ,        483.4, No          , No
CHERST  , 120      ,               1, 8/5/2025      ,       29664.00,          2472.00, Long. & Trans. Cracking, M       ,        487.7, No          , No
BRUCRD  , 110      ,               1, 8/5/2025      ,       46512.00,          3876.00, Raveling               , M       ,        489.4, No          , No
IDYLCR  , 130      ,               1, 8/5/2025      ,       22032.00,          1836.00, Alligator Cracking     , M       ,        492.1, No          , No
W5THST  , 100      ,               1, 8/5/2025      ,       16560.00,          1380.00, Patch & Util. Cut Patch, L       ,        495.5, No          , No
W1STST  , 10       ,               1, 8/5/2025      ,        9648.00,           804.00, Weathering             , L       ,        499.4, No          , No
BAPADR  , 10       ,               1, 8/5/2025      ,       33264.00,          2772.00, Alligator Cracking     , M       ,        500.6, No          , No
VALLAV  , 170      ,               1, 8/5/2025      ,       22032.00,          1836.00, Block Cracking         , H       ,        503.6, No          , No
SALEST  , 110      ,               1, 8/5/2025      ,       32832.00,          2736.00, Long. & Trans. Cracking, M       ,        506.2, No          , No
VALLAV  , 160      ,               1, 8/5/2025      ,        8928.00,           744.00, Patch & Util. Cut Patch, L       ,        506.7, No          , No
W4THST  , 130      ,               1, 8/5/2025      ,       16416.00,          1368.00, Patch & Util. Cut Patch, L       ,        507  , No          , No
CEDAST  , 30       ,               1, 8/5/2025      ,       23472.00,          1956.00, Patch & Util. Cut Patch, M       ,        509.8, No          , No
LAKEDR  , 120B     ,               1, 8/5/2025      ,       24768.00,          2064.00, Long. & Trans. Cracking, M       ,        510.3, No          , No
VALLAV  , 160      ,               1, 8/5/2025      ,        8928.00,           744.00, Long. & Trans. Cracking, M       ,        514.2, No          , No
ORANST  , 10       ,               1, 8/5/2025      ,       23184.00,          1932.00, Patch & Util. Cut Patch, M       ,        518.1, No          , No
ORANST  , 20       ,               1, 8/5/2025      ,       40896.00,          3408.00, Long. & Trans. Cracking, M       ,        519.8, No          , No
FLORAV  , 160      ,               1, 8/5/2025      ,       11376.00,           948.00, Alligator Cracking     , M       ,        526.2, No          , No
IVYST   , 110A     ,               1, 8/5/2025      ,       16560.00,          1380.00, Patch & Util. Cut Patch, L       ,        528.2, No          , No
W5THST  , 120      ,               1, 8/5/2025      ,       33264.00,          2772.00, Raveling               , M       ,        529.9, No          , No
VALLAV  , 150      ,               1, 8/5/2025      ,       26928.00,          2244.00, Long. & Trans. Cracking, L       ,        530.7, No          , No
VALLAV  , 170      ,               1, 8/5/2025      ,       22032.00,          1836.00, Weathering             , L       ,        533.6, No          , No
W4THST  , 120      ,               1, 8/5/2025      ,       32832.00,          2736.00, Block Cracking         , L       ,        536.6, No          , No
W5THST  , 110      ,               1, 8/5/2025      ,       33120.00,          2760.00, Patch & Util. Cut Patch, M       ,        537.9, No          , No
W4THST  , 100      ,               1, 8/5/2025      ,        4176.00,           348.00, Long. & Trans. Cracking, L       ,        541  , No          , No
CEDAST  , 30       ,               1, 8/5/2025      ,       23472.00,          1956.00, Alligator Cracking     , H       ,        545.9, No          , No
WALLST  , 50       ,               1, 8/5/2025      ,        7056.00,           588.00, Long. & Trans. Cracking, M       ,        546.6, No          , No
W6THST  , 110      ,               1, 8/5/2025      ,       25632.00,          2136.00, Block Cracking         , M       ,        546.8, No          , No
W8THST  , 10       ,               1, 8/5/2025      ,        2592.00,           216.00, Weathering             , H       ,        551.1, No          , No
RILIAV  , 20A      ,               1, 8/5/2025      ,        6768.00,           564.00, Long. & Trans. Cracking, M       ,        551.6, No          , No
W5THST  , 130      ,               1, 8/5/2025      ,        2016.00,           168.00, Weathering             , H       ,        553.8, No          , No
E1STST  , 20       ,               1, 8/5/2025      ,        9648.00,           804.00, Long. & Trans. Cracking, L       ,        554.3, No          , No
W4THST  , 110      ,               1, 8/5/2025      ,        4176.00,           348.00, Long. & Trans. Cracking, L       ,        555.9, No          , No
E1STST  , 20       ,               1, 8/5/2025      ,        9648.00,           804.00, Patch & Util. Cut Patch, M       ,        556.3, No          , No
VALLAV  , 110      ,               1, 8/5/2025      ,       46944.00,          3912.00, Raveling               , M       ,        557.1, No          , No
W7THST  , 100      ,               1, 8/5/2025      ,       15408.00,          1284.00, Block Cracking         , L       ,        557.1, No          , No
E4THST  , 10       ,               1, 8/5/2025      ,       11952.00,           996.00, Weathering             , L       ,        558.9, No          , No
W3RDST  , 130      ,               1, 8/5/2025      ,       17568.00,          1464.00, Long. & Trans. Cracking, M       ,        559.6, No          , No
E4THST  , 10       ,               1, 8/5/2025      ,       11952.00,           996.00, Patch & Util. Cut Patch, M       ,        562.8, No          , No
W3RDST  , 100      ,               1, 8/5/2025      ,        8784.00,           732.00, Patch & Util. Cut Patch, M       ,        563.1, No          , No
RILIAV  , 20B      ,               1, 8/5/2025      ,       14400.00,          1200.00, Alligator Cracking     , M       ,        569.4, No          , No
W7THST  , 100      ,               1, 8/5/2025      ,       15408.00,          1284.00, Weathering             , L       ,        569.4, No          , No
SALEST  , 110      ,               1, 8/5/2025      ,       32832.00,          2736.00, Weathering             , H       ,        572.3, No          , No
IVYST   , 110A     ,               1, 8/5/2025      ,       16560.00,          1380.00, Weathering             , L       ,        576.1, No          , No
FOREAV  , 160      ,               1, 8/5/2025      ,       48240.00,          4020.00, Patch & Util. Cut Patch, M       ,        579.3, No          , No
ORANST  , 20       ,               1, 8/5/2025      ,       40896.00,          3408.00, Patch & Util. Cut Patch, M       ,        584.3, No          , No
BROAST  , 130      ,               1, 8/5/2025      ,       12528.00,          1044.00, Alligator Cracking     , L       ,        585.2, No          , No
BAPADR  , 10       ,               1, 8/5/2025      ,       33264.00,          2772.00, Weathering             , L       ,        588.2, No          , No
W5THST  , 100      ,               1, 8/5/2025      ,       16560.00,          1380.00, Weathering             , H       ,        592.9, No          , No
FOREAV  , 170      ,               1, 8/5/2025      ,       21456.00,          1788.00, Long. & Trans. Cracking, L       ,        594.2, No          , No
RILIAV  , 20B      ,               1, 8/5/2025      ,       14400.00,          1200.00, Weathering             , H       ,        606.7, No          , No
W5THST  , 110      ,               1, 8/5/2025      ,       33120.00,          2760.00, Alligator Cracking     , M       ,        616.4, No          , No
W6THST  , 110      ,               1, 8/5/2025      ,       25632.00,          2136.00, Long. & Trans. Cracking, M       ,        616.7, No          , No
NORMAV  , 50       ,               1, 8/5/2025      ,       23472.00,          1956.00, Weathering             , H       ,        625.1, No          , No
CEDAST  , 20       ,               1, 8/5/2025      ,       15264.00,          1272.00, Raveling               , M       ,        626.8, No          , No
ORANST  , 20       ,               1, 8/5/2025      ,       40896.00,          3408.00, Alligator Cracking     , H       ,        632.8, No          , No
W5THST  , 110      ,               1, 8/5/2025      ,       33120.00,          2760.00, Patch & Util. Cut Patch, L       ,        636.8, No          , No
E5THST  , 10       ,               1, 8/5/2025      ,       28224.00,          2352.00, Patch & Util. Cut Patch, L       ,        638.7, No          , No
YOSEDR  , 130      ,               1, 8/5/2025      ,        7488.00,           624.00, Long. & Trans. Cracking, L       ,        639.9, No          , No
MARIAV  , 100      ,               1, 8/5/2025      ,       24912.00,          2076.00, Alligator Cracking     , M       ,        641  , No          , No
CEDAST  , 10       ,               1, 8/5/2025      ,       15552.00,          1296.00, Patch & Util. Cut Patch, L       ,        644.8, No          , No
FOREAV  , 170      ,               1, 8/5/2025      ,       21456.00,          1788.00, Weathering             , H       ,        652.6, No          , No
BROAST  , 140      ,               1, 8/5/2025      ,       15264.00,          1272.00, Weathering             , L       ,        659.6, No          , No
COHARD  , 150      ,               1, 8/5/2025      ,       29664.00,          2472.00, Long. & Trans. Cracking, M       ,        662.1, No          , No
FOREAV  , 150      ,               1, 8/5/2025      ,       18144.00,          1512.00, Weathering             , L       ,        665.8, No          , No
FOREAV  , 130      ,               1, 8/5/2025      ,       14976.00,          1248.00, Long. & Trans. Cracking, M       ,        671.8, No          , No
RILIAV  , 30       ,               1, 8/5/2025      ,       15696.00,          1308.00, Weathering             , L       ,        672.6, No          , No
PARKAV  , 40       ,               1, 8/5/2025      ,       35280.00,          2940.00, Patch & Util. Cut Patch, M       ,        677.8, No          , No
W5THST  , 110      ,               1, 8/5/2025      ,       33120.00,          2760.00, Raveling               , M       ,        681.4, No          , No
BRUCRD  , 100      ,               1, 8/5/2025      ,       36864.00,          3072.00, Raveling               , M       ,        681.8, No          , No
W3RDST  , 100      ,               1, 8/5/2025      ,        8784.00,           732.00, Long. & Trans. Cracking, L       ,        681.8, No          , No
WALLST  , 60       ,               1, 8/5/2025      ,        8064.00,           672.00, Long. & Trans. Cracking, M       ,        684.2, No          , No
E5THST  , 10       ,               1, 8/5/2025      ,       28224.00,          2352.00, Alligator Cracking     , M       ,        687.1, No          , No
W5THST  , 120      ,               1, 8/5/2025      ,       33264.00,          2772.00, Weathering             , L       ,        689.6, No          , No
W6THST  , 150      ,               1, 8/5/2025      ,        6336.00,           528.00, Patch & Util. Cut Patch, M       ,        693.6, No          , No
CHERST  , 120      ,               1, 8/5/2025      ,       29664.00,          2472.00, Patch & Util. Cut Patch, M       ,        696.3, No          , No
EASTAV  , 210      ,               1, 8/5/2025      ,       16128.00,          1344.00, Weathering             , M       ,        698  , No          , No
W5THST  , 100      ,               1, 8/5/2025      ,       16560.00,          1380.00, Patch & Util. Cut Patch, M       ,        699.2, No          , No
E7THST  , 100      ,               1, 8/5/2025      ,        3312.00,           276.00, Block Cracking         , M       ,        703  , No          , No
COHARD  , 160      ,               1, 8/5/2025      ,       23472.00,          1956.00, Alligator Cracking     , M       ,        705.6, No          , No
E4THST  , 10       ,               1, 8/5/2025      ,       11952.00,           996.00, Alligator Cracking     , M       ,        707.2, No          , No
VALLAV  , 160      ,               1, 8/5/2025      ,        8928.00,           744.00, Alligator Cracking     , M       ,        711.1, No          , No
FOREAV  , 170      ,               1, 8/5/2025      ,       21456.00,          1788.00, Block Cracking         , L       ,        712.4, No          , No
SALEST  , 110      ,               1, 8/5/2025      ,       32832.00,          2736.00, Alligator Cracking     , H       ,        713  , No          , No
IDYLCR  , 110      ,               1, 8/5/2025      ,       26928.00,          2244.00, Weathering             , H       ,        715.8, No          , No
W7THST  , 140      ,               1, 8/5/2025      ,        1584.00,           132.00, Weathering             , M       ,        716.5, No          , No
FOREAV  , 140      ,               1, 8/5/2025      ,       19584.00,          1632.00, Long. & Trans. Cracking, L       ,        718.7, No          , No
W3RDST  , 130      ,               1, 8/5/2025      ,       17568.00,          1464.00, Patch & Util. Cut Patch, M       ,        722.2, No          , No
MAINST  , 120      ,               1, 8/5/2025      ,       15696.00,          1308.00, Weathering             , L       ,        726.6, No          , No
MAINST  , 110      ,               1, 8/5/2025      ,       15840.00,          1320.00, Alligator Cracking     , M       ,        729.1, No          , No
W7THST  , 100      ,               1, 8/5/2025      ,       15408.00,          1284.00, Alligator Cracking     , M       ,        730.2, No          , No
ORANST  , 10       ,               1, 8/5/2025      ,       23184.00,          1932.00, Patch & Util. Cut Patch, L       ,        733.5, No          , No
RILIAV  , 10       ,               1, 8/5/2025      ,       15840.00,          1320.00, Alligator Cracking     , H       ,        735.2, No          , No
NORMAV  , 50       ,               1, 8/5/2025      ,       23472.00,          1956.00, Long. & Trans. Cracking, M       ,        737.2, No          , No
PARKAV  , 50       ,               1, 8/5/2025      ,       34272.00,          2856.00, Patch & Util. Cut Patch, M       ,        740  , No          , No
SALEST  , 110      ,               1, 8/5/2025      ,       32832.00,          2736.00, Patch & Util. Cut Patch, M       ,        747.2, No          , No
IVYST   , 100      ,               1, 8/5/2025      ,       31968.00,          2664.00, Patch & Util. Cut Patch, M       ,        748.1, No          , No
NORMAV  , 50       ,               1, 8/5/2025      ,       23472.00,          1956.00, Weathering             , L       ,        760.5, No          , No
SALEST  , 100      ,               1, 8/5/2025      ,       31392.00,          2616.00, Long. & Trans. Cracking, L       ,        766.8, No          , No
E6THST  , 100      ,               1, 8/5/2025      ,       15840.00,          1320.00, Long. & Trans. Cracking, M       ,        769.2, No          , No
WALLST  , 60       ,               1, 8/5/2025      ,        8064.00,           672.00, Weathering             , M       ,        770  , No          , No
MAINST  , 120      ,               1, 8/5/2025      ,       15696.00,          1308.00, Alligator Cracking     , M       ,        774.5, No          , No
IVYST   , 100      ,               1, 8/5/2025      ,       31968.00,          2664.00, Long. & Trans. Cracking, L       ,        774.6, No          , No
NORTAV  , 130      ,               1, 8/5/2025      ,        4032.00,           336.00, Alligator Cracking     , H       ,        775.3, No          , No
BROAST  , 130      ,               1, 8/5/2025      ,       12528.00,          1044.00, Block Cracking         , L       ,        775.9, No          , No
FOREAV  , 130      ,               1, 8/5/2025      ,       14976.00,          1248.00, Alligator Cracking     , M       ,        780.2, No          , No
W2NDST  , 100      ,               1, 8/5/2025      ,        7200.00,           600.00, Weathering             , L       ,        780.2, No          , No
BROAST  , 140      ,               1, 8/5/2025      ,       15264.00,          1272.00, Alligator Cracking     , M       ,        781.9, No          , No
LAKEDR  , 110      ,               1, 8/5/2025      ,       37584.00,          3132.00, Weathering             , L       ,        784.4, No          , No
WALLST  , 70       ,               1, 8/5/2025      ,        4752.00,           396.00, Weathering             , M       ,        793.6, No          , No
W5THST  , 120      ,               1, 8/5/2025      ,       33264.00,          2772.00, Weathering             , H       ,        797.2, No          , No
E2NDST  , 10       ,               1, 8/5/2025      ,        7776.00,           648.00, Long. & Trans. Cracking, L       ,        799.4, No          , No
E7THST  , 100      ,               1, 8/5/2025      ,        3312.00,           276.00, Raveling               , M       ,        800.3, No          , No
FOREAV  , 140      ,               1, 8/5/2025      ,       19584.00,          1632.00, Long. & Trans. Cracking, M       ,        804.7, No          , No
VALLAV  , 100      ,               1, 8/5/2025      ,       47088.00,          3924.00, Alligator Cracking     , H       ,        817  , No          , No
COHARD  , 160      ,               1, 8/5/2025      ,       23472.00,          1956.00, Patch & Util. Cut Patch, M       ,        821.1, No          , No
OROVAV  , 10       ,               1, 8/5/2025      ,        4752.00,           396.00, Weathering             , H       ,        823.8, No          , No
CEDAST  , 30       ,               1, 8/5/2025      ,       23472.00,          1956.00, Patch & Util. Cut Patch, L       ,        824.8, No          , No
W2NDST  , 100      ,               1, 8/5/2025      ,        7200.00,           600.00, Long. & Trans. Cracking, L       ,        826.9, No          , No
E6THST  , 100      ,               1, 8/5/2025      ,       15840.00,          1320.00, Block Cracking         , M       ,        830.6, No          , No
PARKAV  , 40       ,               1, 8/5/2025      ,       35280.00,          2940.00, Weathering             , L       ,        839.7, No          , No
COHARD  , 170      ,               1, 8/5/2025      ,        8064.00,           672.00, Patch & Util. Cut Patch, M       ,        849.4, No          , No
CHERST  , 110      ,               1, 8/5/2025      ,       28656.00,          2388.00, Weathering             , L       ,        850.3, No          , No
COHARD  , 160      ,               1, 8/5/2025      ,       23472.00,          1956.00, Long. & Trans. Cracking, M       ,        852.5, No          , No
NORTAV  , 130      ,               1, 8/5/2025      ,        4032.00,           336.00, Weathering             , L       ,        855.8, No          , No
W1STST  , 10       ,               1, 8/5/2025      ,        9648.00,           804.00, Long. & Trans. Cracking, L       ,        873.1, No          , No
CHERST  , 110      ,               1, 8/5/2025      ,       28656.00,          2388.00, Patch & Util. Cut Patch, M       ,        880.2, No          , No
LAKEDR  , 120A     ,               1, 8/5/2025      ,       15984.00,          1332.00, Long. & Trans. Cracking, M       ,        885.4, No          , No
HAZEST  , 110      ,               1, 8/5/2025      ,       22608.00,          1884.00, Patch & Util. Cut Patch, L       ,        895.2, No          , No
W5THST  , 100      ,               1, 8/5/2025      ,       16560.00,          1380.00, Weathering             , L       ,        899  , No          , No
IDYLCR  , 110      ,               1, 8/5/2025      ,       26928.00,          2244.00, Long. & Trans. Cracking, L       ,        900.6, No          , No
FOREAV  , 150      ,               1, 8/5/2025      ,       18144.00,          1512.00, Long. & Trans. Cracking, M       ,        904.8, No          , No
PIHIDR  , 10       ,               1, 8/5/2025      ,       28224.00,          2352.00, Long. & Trans. Cracking, M       ,        905.9, No          , No
VALLAV  , 100      ,               1, 8/5/2025      ,       47088.00,          3924.00, Raveling               , M       ,        905.9, No          , No
W6THST  , 110      ,               1, 8/5/2025      ,       25632.00,          2136.00, Patch & Util. Cut Patch, M       ,        911  , No          , No
E4THST  , 10       ,               1, 8/5/2025      ,       11952.00,           996.00, Long. & Trans. Cracking, L       ,        913.1, No          , No
W4THST  , 120      ,               1, 8/5/2025      ,       32832.00,          2736.00, Long. & Trans. Cracking, M       ,        915.3, No          , No
E5THST  , 10       ,               1, 8/5/2025      ,       28224.00,          2352.00, Weathering             , L       ,        930.6, No          , No
FOREAV  , 130      ,               1, 8/5/2025      ,       14976.00,          1248.00, Patch & Util. Cut Patch, M       ,        933.4, No          , No
BRUCRD  , 100      ,               1, 8/5/2025      ,       36864.00,          3072.00, Long. & Trans. Cracking, M       ,        935.8, No          , No
E6THST  , 100      ,               1, 8/5/2025      ,       15840.00,          1320.00, Patch & Util. Cut Patch, L       ,        944.6, No          , No
RILIAV  , 30       ,               1, 8/5/2025      ,       15696.00,          1308.00, Patch & Util. Cut Patch, M       ,        952.5, No          , No
MAINST  , 120      ,               1, 8/5/2025      ,       15696.00,          1308.00, Long. & Trans. Cracking, L       ,        958.2, No          , No
NORMAV  , 50       ,               1, 8/5/2025      ,       23472.00,          1956.00, Patch & Util. Cut Patch, M       ,        964  , No          , No
E6THST  , 100      ,               1, 8/5/2025      ,       15840.00,          1320.00, Weathering             , L       ,        966.7, No          , No
VALLAV  , 160      ,               1, 8/5/2025      ,        8928.00,           744.00, Block Cracking         , M       ,        977.7, No          , No
CEDAST  , 10       ,               1, 8/5/2025      ,       15552.00,          1296.00, Alligator Cracking     , H       ,        991.4, No          , No
FLORAV  , 150      ,               1, 8/5/2025      ,        6480.00,           540.00, Weathering             , M       ,        995.7, No          , No
W3RDST  , 120      ,               1, 8/5/2025      ,       16560.00,          1380.00, Weathering             , H       ,       1005.1, No          , No
W3RDST  , 130      ,               1, 8/5/2025      ,       17568.00,          1464.00, Raveling               , M       ,       1008  , No          , No
E5THST  , 10       ,               1, 8/5/2025      ,       28224.00,          2352.00, Weathering             , H       ,       1017.2, No          , No
ESPLAN  , 180      ,               1, 8/5/2025      ,       11520.00,           960.00, Weathering             , M       ,       1029.1, No          , No
W4THST  , 120      ,               1, 8/5/2025      ,       32832.00,          2736.00, Patch & Util. Cut Patch, M       ,       1032.3, No          , No
HAZEST  , 100      ,               1, 8/5/2025      ,       23040.00,          1920.00, Weathering             , L       ,       1032.9, No          , No
NORTAV  , 120      ,               1, 8/5/2025      ,       11376.00,           948.00, Weathering             , L       ,       1037.1, No          , No
ORANST  , 20       ,               1, 8/5/2025      ,       40896.00,          3408.00, Block Cracking         , M       ,       1037.4, No          , No
W7THST  , 100      ,               1, 8/5/2025      ,       15408.00,          1284.00, Long. & Trans. Cracking, M       ,       1043  , No          , No
W3RDST  , 130      ,               1, 8/5/2025      ,       17568.00,          1464.00, Alligator Cracking     , H       ,       1049.7, No          , No
W5THST  , 130      ,               1, 8/5/2025      ,        2016.00,           168.00, Weathering             , M       ,       1059.8, No          , No
FOREAV  , 150      ,               1, 8/5/2025      ,       18144.00,          1512.00, Block Cracking         , M       ,       1070.8, No          , No
MAINST  , 110      ,               1, 8/5/2025      ,       15840.00,          1320.00, Long. & Trans. Cracking, L       ,       1073.7, No          , No
E3RDST  , 10       ,               1, 8/5/2025      ,       19728.00,          1644.00, Long. & Trans. Cracking, L       ,       1076.4, No          , No
VALLAV  , 150      ,               1, 8/5/2025      ,       26928.00,          2244.00, Alligator Cracking     , M       ,       1085.7, No          , No
HAZEST  , 100      ,               1, 8/5/2025      ,       23040.00,          1920.00, Long. & Trans. Cracking, M       ,       1095.5, No          , No
SALEST  , 110      ,               1, 8/5/2025      ,       32832.00,          2736.00, Block Cracking         , M       ,       1109.4, No          , No
SALEST  , 110      ,               1, 8/5/2025      ,       32832.00,          2736.00, Patch & Util. Cut Patch, L       ,       1111.5, No          , No
W3RDST  , 130      ,               1, 8/5/2025      ,       17568.00,          1464.00, Weathering             , L       ,       1111.9, No          , No
W6THST  , 110      ,               1, 8/5/2025      ,       25632.00,          2136.00, Raveling               , M       ,       1115.6, No          , No
BROAST  , 140      ,               1, 8/5/2025      ,       15264.00,          1272.00, Weathering             , H       ,       1132  , No          , No
W2NDST  , 120      ,               1, 8/5/2025      ,        2736.00,           228.00, Weathering             , M       ,       1133.7, No          , No
FOREAV  , 120      ,               1, 8/5/2025      ,        5328.00,           444.00, Weathering             , M       ,       1140.5, No          , No
E3RDST  , 10       ,               1, 8/5/2025      ,       19728.00,          1644.00, Weathering             , L       ,       1147.9, No          , No
LAKEDR  , 130      ,               1, 8/5/2025      ,        4608.00,           384.00, Weathering             , M       ,       1148.3, No          , No
ORANST  , 20       ,               1, 8/5/2025      ,       40896.00,          3408.00, Block Cracking         , L       ,       1154.1, No          , No
IDYLCR  , 110      ,               1, 8/5/2025      ,       26928.00,          2244.00, Patch & Util. Cut Patch, M       ,       1165.7, No          , No
BAPADR  , 10       ,               1, 8/5/2025      ,       33264.00,          2772.00, Long. & Trans. Cracking, M       ,       1170.5, No          , No
HAZEST  , 100      ,               1, 8/5/2025      ,       23040.00,          1920.00, Alligator Cracking     , H       ,       1174.6, No          , No
W3RDST  , 100      ,               1, 8/5/2025      ,        8784.00,           732.00, Weathering             , L       ,       1180.3, No          , No
CHERST  , 110      ,               1, 8/5/2025      ,       28656.00,          2388.00, Long. & Trans. Cracking, M       ,       1194.5, No          , No
W8THST  , 10       ,               1, 8/5/2025      ,        2592.00,           216.00, Weathering             , M       ,       1197.6, No          , No
CHERST  , 120      ,               1, 8/5/2025      ,       29664.00,          2472.00, Patch & Util. Cut Patch, L       ,       1204.6, No          , No
NORMAV  , 50       ,               1, 8/5/2025      ,       23472.00,          1956.00, Block Cracking         , M       ,       1212.3, No          , No
W6THST  , 110      ,               1, 8/5/2025      ,       25632.00,          2136.00, Weathering             , L       ,       1215.9, No          , No
W3RDST  , 120      ,               1, 8/5/2025      ,       16560.00,          1380.00, Alligator Cracking     , H       ,       1218.9, No          , No
FLORAV  , 170      ,               1, 8/5/2025      ,        8640.00,           720.00, Weathering             , M       ,       1230.3, No          , No
WALLST  , 40       ,               1, 8/5/2025      ,        7200.00,           600.00, Block Cracking         , H       ,       1231.2, No          , No
W5THST  , 110      ,               1, 8/5/2025      ,       33120.00,          2760.00, Long. & Trans. Cracking, M       ,       1232.5, No          , No
W6THST  , 100      ,               1, 8/5/2025      ,       16128.00,          1344.00, Patch & Util. Cut Patch, M       ,       1241.3, No          , No
VALLAV  , 100      ,               1, 8/5/2025      ,       47088.00,          3924.00, Block Cracking         , M       ,       1248.4, No          , No
WEASAV  , 70       ,               1, 8/5/2025      ,        3312.00,           276.00, Weathering             , M       ,       1253.8, No          , No
W5THST  , 120      ,               1, 8/5/2025      ,       33264.00,          2772.00, Patch & Util. Cut Patch, L       ,       1253.9, No          , No
EASTAV  , 180      ,               1, 8/5/2025      ,       26496.00,          2208.00, Weathering             , M       ,       1259.7, No          , No
CEDAST  , 20       ,               1, 8/5/2025      ,       15264.00,          1272.00, Weathering             , L       ,       1269.9, No          , No
BRUCRD  , 100      ,               1, 8/5/2025      ,       36864.00,          3072.00, Weathering             , L       ,       1272.4, No          , No
ESPLAN  , 190      ,               1, 8/5/2025      ,       16848.00,          1404.00, Patch & Util. Cut Patch, M       ,       1280.6, No          , No
FLORAV  , 150      ,               1, 8/5/2025      ,        6480.00,           540.00, Weathering             , L       ,       1296.2, No          , No
CEDAST  , 20       ,               1, 8/5/2025      ,       15264.00,          1272.00, Alligator Cracking     , H       ,       1312.1, No          , No
W6THST  , 100      ,               1, 8/5/2025      ,       16128.00,          1344.00, Weathering             , L       ,       1331.2, No          , No
CHERST  , 110      ,               1, 8/5/2025      ,       28656.00,          2388.00, Raveling               , M       ,       1332.6, No          , No
HAZEST  , 110      ,               1, 8/5/2025      ,       22608.00,          1884.00, Weathering             , L       ,       1344.8, No          , No
BROAST  , 130      ,               1, 8/5/2025      ,       12528.00,          1044.00, Long. & Trans. Cracking, L       ,       1349.9, No          , No
E5THST  , 10       ,               1, 8/5/2025      ,       28224.00,          2352.00, Patch & Util. Cut Patch, M       ,       1351  , No          , No
CHERST  , 110      ,               1, 8/5/2025      ,       28656.00,          2388.00, Patch & Util. Cut Patch, L       ,       1357  , No          , No
IDYLCR  , 120      ,               1, 8/5/2025      ,       16128.00,          1344.00, Long. & Trans. Cracking, L       ,       1357.7, No          , No
RILIAV  , 10       ,               1, 8/5/2025      ,       15840.00,          1320.00, Weathering             , L       ,       1360.2, No          , No
VALLAV  , 150      ,               1, 8/5/2025      ,       26928.00,          2244.00, Patch & Util. Cut Patch, M       ,       1367.8, No          , No
W5THST  , 120      ,               1, 8/5/2025      ,       33264.00,          2772.00, Long. & Trans. Cracking, M       ,       1376.7, No          , No
FOREAV  , 170      ,               1, 8/5/2025      ,       21456.00,          1788.00, Alligator Cracking     , M       ,       1377.1, No          , No
IDYLCR  , 120      ,               1, 8/5/2025      ,       16128.00,          1344.00, Alligator Cracking     , M       ,       1384.9, No          , No
NORMAV  , 60       ,               1, 8/5/2025      ,       30816.00,          2568.00, Block Cracking         , M       ,       1386.7, No          , No
BROAST  , 130      ,               1, 8/5/2025      ,       12528.00,          1044.00, Alligator Cracking     , M       ,       1395.8, No          , No
NORMAV  , 60       ,               1, 8/5/2025      ,       30816.00,          2568.00, Weathering             , L       ,       1396  , No          , No
ORANST  , 20       ,               1, 8/5/2025      ,       40896.00,          3408.00, Weathering             , L       ,       1399.6, No          , No
ORANST  , 10       ,               1, 8/5/2025      ,       23184.00,          1932.00, Weathering             , H       ,       1420.5, No          , No
VALLAV  , 140      ,               1, 8/5/2025      ,       14256.00,          1188.00, Weathering             , L       ,       1420.9, No          , No
PARKAV  , 20       ,               1, 8/5/2025      ,       32400.00,          2700.00, Patch & Util. Cut Patch, M       ,       1425.1, No          , No
W3RDST  , 120      ,               1, 8/5/2025      ,       16560.00,          1380.00, Patch & Util. Cut Patch, L       ,       1429.7, No          , No
YOSEDR  , 120      ,               1, 8/5/2025      ,       23760.00,          1980.00, Long. & Trans. Cracking, L       ,       1434.3, No          , No
FLORAV  , 160      ,               1, 8/5/2025      ,       11376.00,           948.00, Weathering             , L       ,       1436.9, No          , No
VALLAV  , 110      ,               1, 8/5/2025      ,       46944.00,          3912.00, Block Cracking         , M       ,       1445.5, No          , No
ESPLAN  , 200      ,               1, 8/5/2025      ,       23904.00,          1992.00, Weathering             , M       ,       1454.7, No          , No
NORTAV  , 110      ,               1, 8/5/2025      ,        6624.00,           552.00, Weathering             , L       ,       1470.3, No          , No
BRUCRD  , 100      ,               1, 8/5/2025      ,       36864.00,          3072.00, Alligator Cracking     , H       ,       1473.1, No          , No
SALEST  , 100      ,               1, 8/5/2025      ,       31392.00,          2616.00, Long. & Trans. Cracking, M       ,       1496.8, No          , No
W5THST  , 120      ,               1, 8/5/2025      ,       33264.00,          2772.00, Block Cracking         , M       ,       1502.9, No          , No
VALLAV  , 110      ,               1, 8/5/2025      ,       46944.00,          3912.00, Long. & Trans. Cracking, L       ,       1506.7, No          , No
NORMAV  , 50       ,               1, 8/5/2025      ,       23472.00,          1956.00, Patch & Util. Cut Patch, L       ,       1507.7, No          , No
BROAST  , 130      ,               1, 8/5/2025      ,       12528.00,          1044.00, Weathering             , H       ,       1523  , No          , No
ORANST  , 20       ,               1, 8/5/2025      ,       40896.00,          3408.00, Patch & Util. Cut Patch, L       ,       1523.2, No          , No
CHERST  , 120      ,               1, 8/5/2025      ,       29664.00,          2472.00, Alligator Cracking     , M       ,       1526.8, No          , No
FOREAV  , 160      ,               1, 8/5/2025      ,       48240.00,          4020.00, Block Cracking         , M       ,       1535.5, No          , No
VALLAV  , 100      ,               1, 8/5/2025      ,       47088.00,          3924.00, Long. & Trans. Cracking, L       ,       1536.3, No          , No
BRUCRD  , 110      ,               1, 8/5/2025      ,       46512.00,          3876.00, Alligator Cracking     , H       ,       1541.8, No          , No
YOSEDR  , 130      ,               1, 8/5/2025      ,        7488.00,           624.00, Alligator Cracking     , M       ,       1544.4, No          , No
SALEST  , 110      ,               1, 8/5/2025      ,       32832.00,          2736.00, Weathering             , L       ,       1560.5, No          , No
W6THST  , 100      ,               1, 8/5/2025      ,       16128.00,          1344.00, Long. & Trans. Cracking, M       ,       1634.3, No          , No
W5THST  , 100      ,               1, 8/5/2025      ,       16560.00,          1380.00, Long. & Trans. Cracking, L       ,       1652.5, No          , No
IDYLCR  , 120      ,               1, 8/5/2025      ,       16128.00,          1344.00, Weathering             , H       ,       1669.8, No          , No
IVYST   , 100      ,               1, 8/5/2025      ,       31968.00,          2664.00, Long. & Trans. Cracking, M       ,       1674.5, No          , No
W4THST  , 120      ,               1, 8/5/2025      ,       32832.00,          2736.00, Patch & Util. Cut Patch, L       ,       1686.1, No          , No
ORANST  , 10       ,               1, 8/5/2025      ,       23184.00,          1932.00, Long. & Trans. Cracking, M       ,       1686.9, No          , No
LAKEDR  , 120A     ,               1, 8/5/2025      ,       15984.00,          1332.00, Weathering             , H       ,       1691.6, No          , No
RILIAV  , 10       ,               1, 8/5/2025      ,       15840.00,          1320.00, Weathering             , H       ,       1717  , No          , No
HAZEST  , 110      ,               1, 8/5/2025      ,       22608.00,          1884.00, Long. & Trans. Cracking, M       ,       1719.9, No          , No
EASTAV  , 200      ,               1, 8/5/2025      ,        2160.00,           180.00, Weathering             , M       ,       1720.4, No          , No
IVYST   , 110A     ,               1, 8/5/2025      ,       16560.00,          1380.00, Alligator Cracking     , M       ,       1721.3, No          , No
RILIAV  , 10       ,               1, 8/5/2025      ,       15840.00,          1320.00, Patch & Util. Cut Patch, M       ,       1736.3, No          , No
WALLST  , 40       ,               1, 8/5/2025      ,        7200.00,           600.00, Block Cracking         , M       ,       1746.5, No          , No
HAZEST  , 100      ,               1, 8/5/2025      ,       23040.00,          1920.00, Patch & Util. Cut Patch, L       ,       1754.6, No          , No
W7THST  , 100      ,               1, 8/5/2025      ,       15408.00,          1284.00, Weathering             , H       ,       1763.6, No          , No
NORMAV  , 60       ,               1, 8/5/2025      ,       30816.00,          2568.00, Alligator Cracking     , M       ,       1773.3, No          , No
W4THST  , 120      ,               1, 8/5/2025      ,       32832.00,          2736.00, Weathering             , L       ,       1775.4, No          , No
FLORAV  , 160      ,               1, 8/5/2025      ,       11376.00,           948.00, Weathering             , M       ,       1818  , No          , No
FOREAV  , 170      ,               1, 8/5/2025      ,       21456.00,          1788.00, Long. & Trans. Cracking, M       ,       1823.3, No          , No
VALLAV  , 110      ,               1, 8/5/2025      ,       46944.00,          3912.00, Long. & Trans. Cracking, M       ,       1829.2, No          , No
BRUCRD  , 110      ,               1, 8/5/2025      ,       46512.00,          3876.00, Weathering             , L       ,       1844.7, No          , No
CHERST  , 110      ,               1, 8/5/2025      ,       28656.00,          2388.00, Weathering             , H       ,       1883.5, No          , No
MAINST  , 110      ,               1, 8/5/2025      ,       15840.00,          1320.00, Weathering             , L       ,       1907.5, No          , No
OROVAV  , 10       ,               1, 8/5/2025      ,        4752.00,           396.00, Weathering             , M       ,       1913.1, No          , No
VALLAV  , 100      ,               1, 8/5/2025      ,       47088.00,          3924.00, Long. & Trans. Cracking, M       ,       1927.7, No          , No
BROAST  , 140      ,               1, 8/5/2025      ,       15264.00,          1272.00, Long. & Trans. Cracking, L       ,       1956.2, No          , No
W6THST  , 120      ,               1, 8/5/2025      ,       16416.00,          1368.00, Patch & Util. Cut Patch, L       ,       1958.8, No          , No
W6THST  , 150      ,               1, 8/5/2025      ,        6336.00,           528.00, Weathering             , H       ,       1963.8, No          , No
E7THST  , 100      ,               1, 8/5/2025      ,        3312.00,           276.00, Weathering             , M       ,       1982  , No          , No
E6THST  , 100      ,               1, 8/5/2025      ,       15840.00,          1320.00, Weathering             , H       ,       1992.6, No          , No
WALLST  , 40       ,               1, 8/5/2025      ,        7200.00,           600.00, Weathering             , L       ,       1999.5, No          , No
W3RDST  , 110      ,               1, 8/5/2025      ,       32256.00,          2688.00, Patch & Util. Cut Patch, L       ,       2010.6, No          , No
FOREAV  , 160      ,               1, 8/5/2025      ,       48240.00,          4020.00, Long. & Trans. Cracking, L       ,       2013.7, No          , No
NORTAV  , 130      ,               1, 8/5/2025      ,        4032.00,           336.00, Alligator Cracking     , M       ,       2034.4, No          , No
IDYLCR  , 100      ,               1, 8/5/2025      ,       24768.00,          2064.00, Long. & Trans. Cracking, L       ,       2036.5, No          , No
W6THST  , 150      ,               1, 8/5/2025      ,        6336.00,           528.00, Alligator Cracking     , M       ,       2039.9, No          , No
BRUCRD  , 100      ,               1, 8/5/2025      ,       36864.00,          3072.00, Weathering             , H       ,       2041.1, No          , No
COHARD  , 150      ,               1, 8/5/2025      ,       29664.00,          2472.00, Alligator Cracking     , M       ,       2055.3, No          , No
BRUCRD  , 110      ,               1, 8/5/2025      ,       46512.00,          3876.00, Long. & Trans. Cracking, M       ,       2092.4, No          , No
RILIAV  , 30       ,               1, 8/5/2025      ,       15696.00,          1308.00, Weathering             , H       ,       2097  , No          , No
BRUCRD  , 110      ,               1, 8/5/2025      ,       46512.00,          3876.00, Weathering             , H       ,       2106.1, No          , No
SALEST  , 100      ,               1, 8/5/2025      ,       31392.00,          2616.00, Weathering             , H       ,       2141.6, No          , No
W4THST  , 120      ,               1, 8/5/2025      ,       32832.00,          2736.00, Raveling               , M       ,       2143  , No          , No
FOREAV  , 140      ,               1, 8/5/2025      ,       19584.00,          1632.00, Alligator Cracking     , M       ,       2150.8, No          , No
W5THST  , 120      ,               1, 8/5/2025      ,       33264.00,          2772.00, Patch & Util. Cut Patch, M       ,       2167.5, No          , No
IVYST   , 110A     ,               1, 8/5/2025      ,       16560.00,          1380.00, Weathering             , H       ,       2189.6, No          , No
ESPLAN  , 210      ,               1, 8/5/2025      ,       17280.00,          1440.00, Patch & Util. Cut Patch, M       ,       2222.2, No          , No
W2NDST  , 100      ,               1, 8/5/2025      ,        7200.00,           600.00, Weathering             , M       ,       2231.9, No          , No
W5THST  , 110      ,               1, 8/5/2025      ,       33120.00,          2760.00, Weathering             , L       ,       2241.9, No          , No
CEDAST  , 20       ,               1, 8/5/2025      ,       15264.00,          1272.00, Weathering             , H       ,       2256.6, No          , No
W4THST  , 130      ,               1, 8/5/2025      ,       16416.00,          1368.00, Block Cracking         , M       ,       2290  , No          , No
W3RDST  , 110      ,               1, 8/5/2025      ,       32256.00,          2688.00, Block Cracking         , M       ,       2303  , No          , No
W3RDST  , 120      ,               1, 8/5/2025      ,       16560.00,          1380.00, Raveling               , M       ,       2335.8, No          , No
E5THST  , 10       ,               1, 8/5/2025      ,       28224.00,          2352.00, Long. & Trans. Cracking, L       ,       2357.1, No          , No
W4THST  , 140      ,               1, 8/5/2025      ,        7920.00,           660.00, Alligator Cracking     , M       ,       2368.9, No          , No
PIHIDR  , 20       ,               1, 8/5/2025      ,       10800.00,           900.00, Weathering             , H       ,       2387.5, No          , No
LAKEDR  , 130      ,               1, 8/5/2025      ,        4608.00,           384.00, Weathering             , H       ,       2397.6, No          , No
E6THST  , 100      ,               1, 8/5/2025      ,       15840.00,          1320.00, Raveling               , M       ,       2436.3, No          , No
HAZEST  , 110      ,               1, 8/5/2025      ,       22608.00,          1884.00, Patch & Util. Cut Patch, M       ,       2439  , No          , No
YOSEDR  , 130      ,               1, 8/5/2025      ,        7488.00,           624.00, Weathering             , H       ,       2440.5, No          , No
HAZEST  , 110      ,               1, 8/5/2025      ,       22608.00,          1884.00, Weathering             , H       ,       2456.1, No          , No
W4THST  , 140      ,               1, 8/5/2025      ,        7920.00,           660.00, Weathering             , H       ,       2458.9, No          , No
W6THST  , 110      ,               1, 8/5/2025      ,       25632.00,          2136.00, Weathering             , H       ,       2464.9, No          , No
RILIAV  , 30       ,               1, 8/5/2025      ,       15696.00,          1308.00, Alligator Cracking     , H       ,       2471.3, No          , No
W4THST  , 120      ,               1, 8/5/2025      ,       32832.00,          2736.00, Alligator Cracking     , H       ,       2472  , No          , No
FOREAV  , 130      ,               1, 8/5/2025      ,       14976.00,          1248.00, Alligator Cracking     , H       ,       2475.8, No          , No
FOREAV  , 170      ,               1, 8/5/2025      ,       21456.00,          1788.00, Block Cracking         , M       ,       2488.9, No          , No
VALLAV  , 150      ,               1, 8/5/2025      ,       26928.00,          2244.00, Weathering             , L       ,       2497.4, No          , No
IDYLCR  , 130      ,               1, 8/5/2025      ,       22032.00,          1836.00, Long. & Trans. Cracking, L       ,       2501.9, No          , No
W4THST  , 120      ,               1, 8/5/2025      ,       32832.00,          2736.00, Weathering             , H       ,       2525.2, No          , No
IVYST   , 100      ,               1, 8/5/2025      ,       31968.00,          2664.00, Block Cracking         , M       ,       2536.4, No          , No
COHARD  , 170      ,               1, 8/5/2025      ,        8064.00,           672.00, Weathering             , M       ,       2550.2, No          , No
SALEST  , 100      ,               1, 8/5/2025      ,       31392.00,          2616.00, Patch & Util. Cut Patch, M       ,       2560.8, No          , No
W3RDST  , 110      ,               1, 8/5/2025      ,       32256.00,          2688.00, Weathering             , L       ,       2572.2, No          , No
CEDAST  , 20       ,               1, 8/5/2025      ,       15264.00,          1272.00, Patch & Util. Cut Patch, L       ,       2615  , No          , No
W6THST  , 110      ,               1, 8/5/2025      ,       25632.00,          2136.00, Patch & Util. Cut Patch, L       ,       2633.7, No          , No
ESPLAN  , 180      ,               1, 8/5/2025      ,       11520.00,           960.00, Patch & Util. Cut Patch, M       ,       2708.2, No          , No
W6THST  , 150      ,               1, 8/5/2025      ,        6336.00,           528.00, Weathering             , M       ,       2719.3, No          , No
FOREAV  , 150      ,               1, 8/5/2025      ,       18144.00,          1512.00, Alligator Cracking     , M       ,       2725.9, No          , No
IDYLCR  , 100      ,               1, 8/5/2025      ,       24768.00,          2064.00, Weathering             , H       ,       2726.4, No          , No
E1STST  , 20       ,               1, 8/5/2025      ,        9648.00,           804.00, Weathering             , M       ,       2742.2, No          , No
NORMAV  , 50       ,               1, 8/5/2025      ,       23472.00,          1956.00, Raveling               , M       ,       2806.5, No          , No
W4THST  , 130      ,               1, 8/5/2025      ,       16416.00,          1368.00, Alligator Cracking     , H       ,       2845.9, No          , No
W6THST  , 110      ,               1, 8/5/2025      ,       25632.00,          2136.00, Alligator Cracking     , M       ,       2852.1, No          , No
FOREAV  , 160      ,               1, 8/5/2025      ,       48240.00,          4020.00, Alligator Cracking     , M       ,       2857.1, No          , No
NORMAV  , 60       ,               1, 8/5/2025      ,       30816.00,          2568.00, Patch & Util. Cut Patch, L       ,       2860.6, No          , No
SALEST  , 100      ,               1, 8/5/2025      ,       31392.00,          2616.00, Weathering             , L       ,       2905.2, No          , No
W3RDST  , 120      ,               1, 8/5/2025      ,       16560.00,          1380.00, Weathering             , L       ,       2932.3, No          , No
IVYST   , 100      ,               1, 8/5/2025      ,       31968.00,          2664.00, Alligator Cracking     , M       ,       2985.8, No          , No
COHARD  , 150      ,               1, 8/5/2025      ,       29664.00,          2472.00, Patch & Util. Cut Patch, M       ,       3000.2, No          , No
W5THST  , 120      ,               1, 8/5/2025      ,       33264.00,          2772.00, Alligator Cracking     , M       ,       3020.2, No          , No
W4THST  , 110      ,               1, 8/5/2025      ,        4176.00,           348.00, Weathering             , M       ,       3024.5, No          , No
RILIAV  , 30       ,               1, 8/5/2025      ,       15696.00,          1308.00, Raveling               , M       ,       3024.6, No          , No
NORMAV  , 50       ,               1, 8/5/2025      ,       23472.00,          1956.00, Alligator Cracking     , H       ,       3026.1, No          , No
W4THST  , 100      ,               1, 8/5/2025      ,        4176.00,           348.00, Weathering             , M       ,       3029.3, No          , No
BROAST  , 140      ,               1, 8/5/2025      ,       15264.00,          1272.00, Weathering             , M       ,       3068.7, No          , No
BROAST  , 130      ,               1, 8/5/2025      ,       12528.00,          1044.00, Weathering             , M       ,       3069.4, No          , No
HAZEST  , 100      ,               1, 8/5/2025      ,       23040.00,          1920.00, Weathering             , H       ,       3086.3, No          , No
VALLAV  , 170      ,               1, 8/5/2025      ,       22032.00,          1836.00, Long. & Trans. Cracking, M       ,       3096.9, No          , No
E3RDST  , 10       ,               1, 8/5/2025      ,       19728.00,          1644.00, Patch & Util. Cut Patch, M       ,       3130.6, No          , No
NORTAV  , 130      ,               1, 8/5/2025      ,        4032.00,           336.00, Weathering             , M       ,       3140.9, No          , No
E2NDST  , 10       ,               1, 8/5/2025      ,        7776.00,           648.00, Weathering             , M       ,       3185  , No          , No
LAKEDR  , 110      ,               1, 8/5/2025      ,       37584.00,          3132.00, Long. & Trans. Cracking, L       ,       3189.1, No          , No
YOSEDR  , 120      ,               1, 8/5/2025      ,       23760.00,          1980.00, Weathering             , H       ,       3206.8, No          , No
PARKAV  , 20       ,               1, 8/5/2025      ,       32400.00,          2700.00, Weathering             , M       ,       3221.3, No          , No
VALLAV  , 170      ,               1, 8/5/2025      ,       22032.00,          1836.00, Block Cracking         , M       ,       3279  , No          , No
WALLST  , 40       ,               1, 8/5/2025      ,        7200.00,           600.00, Weathering             , M       ,       3288.9, No          , No
NORTAV  , 110      ,               1, 8/5/2025      ,        6624.00,           552.00, Alligator Cracking     , M       ,       3330.9, No          , No
VALLAV  , 110      ,               1, 8/5/2025      ,       46944.00,          3912.00, Weathering             , L       ,       3427.5, No          , No
RILIAV  , 30       ,               1, 8/5/2025      ,       15696.00,          1308.00, Alligator Cracking     , M       ,       3430.1, No          , No
W6THST  , 120      ,               1, 8/5/2025      ,       16416.00,          1368.00, Weathering             , H       ,       3458.1, No          , No
FOREAV  , 140      ,               1, 8/5/2025      ,       19584.00,          1632.00, Alligator Cracking     , H       ,       3470.4, No          , No
HAZEST  , 100      ,               1, 8/5/2025      ,       23040.00,          1920.00, Alligator Cracking     , M       ,       3494.3, No          , No
RILIAV  , 20B      ,               1, 8/5/2025      ,       14400.00,          1200.00, Weathering             , M       ,       3502.4, No          , No
HAZEST  , 100      ,               1, 8/5/2025      ,       23040.00,          1920.00, Raveling               , M       ,       3545.5, No          , No
FOREAV  , 150      ,               1, 8/5/2025      ,       18144.00,          1512.00, Alligator Cracking     , H       ,       3577.7, No          , No
FOREAV  , 160      ,               1, 8/5/2025      ,       48240.00,          4020.00, Long. & Trans. Cracking, M       ,       3654.8, No          , No
CHERST  , 110      ,               1, 8/5/2025      ,       28656.00,          2388.00, Alligator Cracking     , M       ,       3682.3, No          , No
E6THST  , 100      ,               1, 8/5/2025      ,       15840.00,          1320.00, Alligator Cracking     , M       ,       3696.3, No          , No
NORMAV  , 50       ,               1, 8/5/2025      ,       23472.00,          1956.00, Alligator Cracking     , M       ,       3706.9, No          , No
FLORAV  , 150      ,               1, 8/5/2025      ,        6480.00,           540.00, Patch & Util. Cut Patch, M       ,       3718.7, No          , No
NORTAV  , 120      ,               1, 8/5/2025      ,       11376.00,           948.00, Alligator Cracking     , M       ,       3821.8, No          , No
IDYLCR  , 140      ,               1, 8/5/2025      ,       40896.00,          3408.00, Long. & Trans. Cracking, L       ,       3833.9, No          , No
RILIAV  , 20B      ,               1, 8/5/2025      ,       14400.00,          1200.00, Patch & Util. Cut Patch, L       ,       3842  , No          , No
VALLAV  , 100      ,               1, 8/5/2025      ,       47088.00,          3924.00, Weathering             , L       ,       3847.1, No          , No
IDYLCR  , 140      ,               1, 8/5/2025      ,       40896.00,          3408.00, Weathering             , H       ,       3851.3, No          , No
W4THST  , 130      ,               1, 8/5/2025      ,       16416.00,          1368.00, Raveling               , M       ,       3915.2, No          , No
E4THST  , 20       ,               1, 8/5/2025      ,        4320.00,           360.00, Weathering             , M       ,       3960.1, No          , No
IDYLCR  , 100      ,               1, 8/5/2025      ,       24768.00,          2064.00, Alligator Cracking     , M       ,       3978.6, No          , No
RILIAV  , 30       ,               1, 8/5/2025      ,       15696.00,          1308.00, Weathering             , M       ,       3986.3, No          , No
W3RDST  , 130      ,               1, 8/5/2025      ,       17568.00,          1464.00, Alligator Cracking     , M       ,       3993.4, No          , No
ORANST  , 20       ,               1, 8/5/2025      ,       40896.00,          3408.00, Alligator Cracking     , M       ,       4039  , No          , No
BRUCRD  , 110      ,               1, 8/5/2025      ,       46512.00,          3876.00, Patch & Util. Cut Patch, M       ,       4041.1, No          , No
ESPLAN  , 200      ,               1, 8/5/2025      ,       23904.00,          1992.00, Patch & Util. Cut Patch, M       ,       4069.3, No          , No
COHARD  , 160      ,               1, 8/5/2025      ,       23472.00,          1956.00, Weathering             , M       ,       4156.7, No          , No
W3RDST  , 120      ,               1, 8/5/2025      ,       16560.00,          1380.00, Alligator Cracking     , M       ,       4254.4, No          , No
RILIAV  , 30       ,               1, 8/5/2025      ,       15696.00,          1308.00, Patch & Util. Cut Patch, L       ,       4278.2, No          , No
CEDAST  , 20       ,               1, 8/5/2025      ,       15264.00,          1272.00, Alligator Cracking     , M       ,       4400.4, No          , No
W3RDST  , 100      ,               1, 8/5/2025      ,        8784.00,           732.00, Weathering             , M       ,       4525  , No          , No
YOSEDR  , 130      ,               1, 8/5/2025      ,        7488.00,           624.00, Weathering             , M       ,       4549.1, No          , No
LAKEDR  , 110      ,               1, 8/5/2025      ,       37584.00,          3132.00, Alligator Cracking     , M       ,       4575.7, No          , No
CEDAST  , 10       ,               1, 8/5/2025      ,       15552.00,          1296.00, Alligator Cracking     , M       ,       4580.1, No          , No
BRUCRD  , 100      ,               1, 8/5/2025      ,       36864.00,          3072.00, Alligator Cracking     , M       ,       4638.9, No          , No
VALLAV  , 100      ,               1, 8/5/2025      ,       47088.00,          3924.00, Alligator Cracking     , M       ,       4699.6, No          , No
VALLAV  , 150      ,               1, 8/5/2025      ,       26928.00,          2244.00, Patch & Util. Cut Patch, L       ,       4835.1, No          , No
W4THST  , 130      ,               1, 8/5/2025      ,       16416.00,          1368.00, Weathering             , H       ,       4955.5, No          , No
W3RDST  , 110      ,               1, 8/5/2025      ,       32256.00,          2688.00, Raveling               , M       ,       4971.4, No          , No
W1STST  , 10       ,               1, 8/5/2025      ,        9648.00,           804.00, Weathering             , M       ,       4980.5, No          , No
NORTAV  , 110      ,               1, 8/5/2025      ,        6624.00,           552.00, Weathering             , M       ,       5015.5, No          , No
W4THST  , 140      ,               1, 8/5/2025      ,        7920.00,           660.00, Weathering             , M       ,       5106.6, No          , No
PARKAV  , 50       ,               1, 8/5/2025      ,       34272.00,          2856.00, Weathering             , M       ,       5144  , No          , No
HAZEST  , 100      ,               1, 8/5/2025      ,       23040.00,          1920.00, Block Cracking         , M       ,       5385.3, No          , No
SALEST  , 110      ,               1, 8/5/2025      ,       32832.00,          2736.00, Alligator Cracking     , M       ,       5402.4, No          , No
W4THST  , 120      ,               1, 8/5/2025      ,       32832.00,          2736.00, Alligator Cracking     , M       ,       5445.9, No          , No
LAKEDR  , 120B     ,               1, 8/5/2025      ,       24768.00,          2064.00, Alligator Cracking     , M       ,       5459.8, No          , No
MARIAV  , 100      ,               1, 8/5/2025      ,       24912.00,          2076.00, Weathering             , M       ,       5491  , No          , No
CEDAST  , 10       ,               1, 8/5/2025      ,       15552.00,          1296.00, Weathering             , M       ,       5527  , No          , No
RILIAV  , 20B      ,               1, 8/5/2025      ,       14400.00,          1200.00, Alligator Cracking     , H       ,       5570.4, No          , No
COHARD  , 150      ,               1, 8/5/2025      ,       29664.00,          2472.00, Weathering             , M       ,       5629.6, No          , No
VALLAV  , 160      ,               1, 8/5/2025      ,        8928.00,           744.00, Weathering             , M       ,       5679.2, No          , No
IDYLCR  , 140      ,               1, 8/5/2025      ,       40896.00,          3408.00, Alligator Cracking     , M       ,       5686.9, No          , No
BRUCRD  , 100      ,               1, 8/5/2025      ,       36864.00,          3072.00, Patch & Util. Cut Patch, M       ,       5700.1, No          , No
RILIAV  , 20B      ,               1, 8/5/2025      ,       14400.00,          1200.00, Raveling               , M       ,       5708.4, No          , No
VALLAV  , 110      ,               1, 8/5/2025      ,       46944.00,          3912.00, Alligator Cracking     , M       ,       5817.3, No          , No
RILIAV  , 20A      ,               1, 8/5/2025      ,        6768.00,           564.00, Weathering             , M       ,       5836.4, No          , No
W4THST  , 120      ,               1, 8/5/2025      ,       32832.00,          2736.00, Block Cracking         , M       ,       5960.1, No          , No
W3RDST  , 130      ,               1, 8/5/2025      ,       17568.00,          1464.00, Weathering             , H       ,       6108.8, No          , No
W3RDST  , 120      ,               1, 8/5/2025      ,       16560.00,          1380.00, Block Cracking         , M       ,       6225.9, No          , No
FLORAV  , 170      ,               1, 8/5/2025      ,        8640.00,           720.00, Patch & Util. Cut Patch, M       ,       6391.7, No          , No
CEDAST  , 30       ,               1, 8/5/2025      ,       23472.00,          1956.00, Weathering             , M       ,       6757.9, No          , No
W4THST  , 130      ,               1, 8/5/2025      ,       16416.00,          1368.00, Weathering             , M       ,       6869  , No          , No
CEDAST  , 10       ,               1, 8/5/2025      ,       15552.00,          1296.00, Weathering             , H       ,       6963.1, No          , No
IDYLCR  , 130      ,               1, 8/5/2025      ,       22032.00,          1836.00, Weathering             , H       ,       6964.2, No          , No
ESPLAN  , 190      ,               1, 8/5/2025      ,       16848.00,          1404.00, Weathering             , M       ,       7040.9, No          , No
PARKAV  , 30       ,               1, 8/5/2025      ,       40320.00,          3360.00, Weathering             , M       ,       7145.7, No          , No
VALLAV  , 170      ,               1, 8/5/2025      ,       22032.00,          1836.00, Weathering             , M       ,       7339.2, No          , No
CEDAST  , 20       ,               1, 8/5/2025      ,       15264.00,          1272.00, Weathering             , M       ,       7429.8, No          , No
NORMAV  , 60       ,               1, 8/5/2025      ,       30816.00,          2568.00, Weathering             , H       ,       7513.2, No          , No
CHERST  , 110      ,               1, 8/5/2025      ,       28656.00,          2388.00, Block Cracking         , M       ,       7533.4, No          , No
CHERST  , 120      ,               1, 8/5/2025      ,       29664.00,          2472.00, Weathering             , H       ,       7538  , No          , No
BRUCRD  , 110      ,               1, 8/5/2025      ,       46512.00,          3876.00, Alligator Cracking     , M       ,       7616.2, No          , No
W3RDST  , 130      ,               1, 8/5/2025      ,       17568.00,          1464.00, Weathering             , M       ,       7663.2, No          , No
CEDAST  , 30       ,               1, 8/5/2025      ,       23472.00,          1956.00, Alligator Cracking     , M       ,       7669.1, No          , No
FLORAV  , 160      ,               1, 8/5/2025      ,       11376.00,           948.00, Patch & Util. Cut Patch, M       ,       7677.2, No          , No
FOREAV  , 110      ,               1, 8/5/2025      ,       24624.00,          2052.00, Weathering             , M       ,       8066.3, No          , No
RILIAV  , 10       ,               1, 8/5/2025      ,       15840.00,          1320.00, Alligator Cracking     , M       ,       8128.9, No          , No
PIHIDR  , 20       ,               1, 8/5/2025      ,       10800.00,           900.00, Weathering             , M       ,       8137.1, No          , No
W4THST  , 130      ,               1, 8/5/2025      ,       16416.00,          1368.00, Alligator Cracking     , M       ,       8177.9, No          , No
W3RDST  , 110      ,               1, 8/5/2025      ,       32256.00,          2688.00, Weathering             , H       ,       8195.6, No          , No
FOREAV  , 100      ,               1, 8/5/2025      ,       23328.00,          1944.00, Weathering             , M       ,       8222.8, No          , No
W3RDST  , 120      ,               1, 8/5/2025      ,       16560.00,          1380.00, Weathering             , M       ,       8476  , No          , No
LAKEDR  , 120B     ,               1, 8/5/2025      ,       24768.00,          2064.00, Weathering             , M       ,       8482.3, No          , No
LAKEDR  , 110      ,               1, 8/5/2025      ,       37584.00,          3132.00, Weathering             , H       ,       8511.4, No          , No
NORMAV  , 50       ,               1, 8/5/2025      ,       23472.00,          1956.00, Weathering             , M       ,       8542.2, No          , No
E4THST  , 10       ,               1, 8/5/2025      ,       11952.00,           996.00, Weathering             , M       ,       8808.2, No          , No
MAINST  , 120      ,               1, 8/5/2025      ,       15696.00,          1308.00, Weathering             , M       ,       8854.8, No          , No
E6THST  , 100      ,               1, 8/5/2025      ,       15840.00,          1320.00, Weathering             , M       ,       9028.7, No          , No
ORANST  , 20       ,               1, 8/5/2025      ,       40896.00,          3408.00, Weathering             , H       ,       9039.8, No          , No
FOREAV  , 130      ,               1, 8/5/2025      ,       14976.00,          1248.00, Weathering             , M       ,       9140.1, No          , No
W3RDST  , 110      ,               1, 8/5/2025      ,       32256.00,          2688.00, Alligator Cracking     , H       ,       9180.7, No          , No
YOSEDR  , 120      ,               1, 8/5/2025      ,       23760.00,          1980.00, Alligator Cracking     , M       ,       9297.6, No          , No
RILIAV  , 10       ,               1, 8/5/2025      ,       15840.00,          1320.00, Weathering             , M       ,       9359.9, No          , No
IVYST   , 110A     ,               1, 8/5/2025      ,       16560.00,          1380.00, Weathering             , M       ,       9548.1, No          , No
W6THST  , 120      ,               1, 8/5/2025      ,       16416.00,          1368.00, Weathering             , M       ,       9600.8, No          , No
SALEST  , 100      ,               1, 8/5/2025      ,       31392.00,          2616.00, Weathering             , M       ,       9820.6, No          , No
NORTAV  , 120      ,               1, 8/5/2025      ,       11376.00,           948.00, Weathering             , M       ,      10101.6, No          , No
HAZEST  , 100      ,               1, 8/5/2025      ,       23040.00,          1920.00, Weathering             , M       ,      10141.3, No          , No
PARKAV  , 40       ,               1, 8/5/2025      ,       35280.00,          2940.00, Weathering             , M       ,      10213.7, No          , No
W6THST  , 100      ,               1, 8/5/2025      ,       16128.00,          1344.00, Weathering             , M       ,      10541.7, No          , No
CHERST  , 120      ,               1, 8/5/2025      ,       29664.00,          2472.00, Weathering             , M       ,      10722  , No          , No
W3RDST  , 110      ,               1, 8/5/2025      ,       32256.00,          2688.00, Alligator Cracking     , M       ,      11072.9, No          , No
W7THST  , 100      ,               1, 8/5/2025      ,       15408.00,          1284.00, Weathering             , M       ,      11094.4, No          , No
E3RDST  , 10       ,               1, 8/5/2025      ,       19728.00,          1644.00, Weathering             , M       ,      11200.8, No          , No
NORMAV  , 60       ,               1, 8/5/2025      ,       30816.00,          2568.00, Weathering             , M       ,      11284.8, No          , No
PIHIDR  , 10       ,               1, 8/5/2025      ,       28224.00,          2352.00, Weathering             , M       ,      11447.6, No          , No
HAZEST  , 110      ,               1, 8/5/2025      ,       22608.00,          1884.00, Weathering             , M       ,      11505.6, No          , No
IDYLCR  , 120      ,               1, 8/5/2025      ,       16128.00,          1344.00, Weathering             , M       ,      11587.1, No          , No
CEDAST  , 30       ,               1, 8/5/2025      ,       23472.00,          1956.00, Weathering             , H       ,      11992.1, No          , No
VALLAV  , 140      ,               1, 8/5/2025      ,       14256.00,          1188.00, Weathering             , M       ,      12416.1, No          , No
W5THST  , 100      ,               1, 8/5/2025      ,       16560.00,          1380.00, Weathering             , M       ,      12994.9, No          , No
MAINST  , 110      ,               1, 8/5/2025      ,       15840.00,          1320.00, Weathering             , M       ,      13035.8, No          , No
W3RDST  , 110      ,               1, 8/5/2025      ,       32256.00,          2688.00, Weathering             , M       ,      13171  , No          , No
LAKEDR  , 120A     ,               1, 8/5/2025      ,       15984.00,          1332.00, Weathering             , M       ,      13217  , No          , No
FOREAV  , 140      ,               1, 8/5/2025      ,       19584.00,          1632.00, Weathering             , M       ,      13487.5, No          , No
FOREAV  , 150      ,               1, 8/5/2025      ,       18144.00,          1512.00, Weathering             , M       ,      13539.5, No          , No
ORANST  , 20       ,               1, 8/5/2025      ,       40896.00,          3408.00, Weathering             , M       ,      13696.6, No          , No
IDYLCR  , 130      ,               1, 8/5/2025      ,       22032.00,          1836.00, Weathering             , M       ,      14196.8, No          , No
BAPADR  , 10       ,               1, 8/5/2025      ,       33264.00,          2772.00, Weathering             , M       ,      14716.7, No          , No
IDYLCR  , 110      ,               1, 8/5/2025      ,       26928.00,          2244.00, Alligator Cracking     , M       ,      14731.4, No          , No
SALEST  , 110      ,               1, 8/5/2025      ,       32832.00,          2736.00, Weathering             , M       ,      14814.4, No          , No
W6THST  , 110      ,               1, 8/5/2025      ,       25632.00,          2136.00, Weathering             , M       ,      15227.5, No          , No
ORANST  , 10       ,               1, 8/5/2025      ,       23184.00,          1932.00, Weathering             , M       ,      15397.2, No          , No
LAKEDR  , 120B     ,               1, 8/5/2025      ,       24768.00,          2064.00, Weathering             , H       ,      15463.3, No          , No
FOREAV  , 170      ,               1, 8/5/2025      ,       21456.00,          1788.00, Weathering             , M       ,      15767.5, No          , No
PIHIDR  , 10       ,               1, 8/5/2025      ,       28224.00,          2352.00, Weathering             , H       ,      15861.8, No          , No
CHERST  , 110      ,               1, 8/5/2025      ,       28656.00,          2388.00, Weathering             , M       ,      17665.4, No          , No
BAPADR  , 10       ,               1, 8/5/2025      ,       33264.00,          2772.00, Weathering             , H       ,      17685.9, No          , No
IVYST   , 100      ,               1, 8/5/2025      ,       31968.00,          2664.00, Weathering             , M       ,      17969.2, No          , No
VALLAV  , 150      ,               1, 8/5/2025      ,       26928.00,          2244.00, Weathering             , M       ,      18170.2, No          , No
MARIAV  , 100      ,               1, 8/5/2025      ,       24912.00,          2076.00, Patch & Util. Cut Patch, M       ,      18371.3, No          , No
FOREAV  , 160      ,               1, 8/5/2025      ,       48240.00,          4020.00, Weathering             , M       ,      18552.3, No          , No
VALLAV  , 100      ,               1, 8/5/2025      ,       47088.00,          3924.00, Weathering             , M       ,      18924.7, No          , No
IDYLCR  , 100      ,               1, 8/5/2025      ,       24768.00,          2064.00, Weathering             , M       ,      19198.9, No          , No
YOSEDR  , 120      ,               1, 8/5/2025      ,       23760.00,          1980.00, Weathering             , M       ,      19440.5, No          , No
W4THST  , 120      ,               1, 8/5/2025      ,       32832.00,          2736.00, Weathering             , M       ,      19985  , No          , No
E5THST  , 10       ,               1, 8/5/2025      ,       28224.00,          2352.00, Weathering             , M       ,      22559.9, No          , No
IDYLCR  , 110      ,               1, 8/5/2025      ,       26928.00,          2244.00, Weathering             , M       ,      22567.7, No          , No
BRUCRD  , 100      ,               1, 8/5/2025      ,       36864.00,          3072.00, Weathering             , M       ,      22830.7, No          , No
W5THST  , 110      ,               1, 8/5/2025      ,       33120.00,          2760.00, Weathering             , M       ,      24241.2, No          , No
VALLAV  , 110      ,               1, 8/5/2025      ,       46944.00,          3912.00, Weathering             , M       ,      25017.7, No          , No
W5THST  , 120      ,               1, 8/5/2025      ,       33264.00,          2772.00, Weathering             , M       ,      25585.1, No          , No
LAKEDR  , 110      ,               1, 8/5/2025      ,       37584.00,          3132.00, Weathering             , M       ,      25905.9, No          , No
BRUCRD  , 110      ,               1, 8/5/2025      ,       46512.00,          3876.00, Weathering             , M       ,      32980  , No          , No
IDYLCR  , 140      ,               1, 8/5/2025      ,       40896.00,          3408.00, Weathering             , M       ,      34849.6, No          , No